id,name,manufacturer,model,city,count
23R2146E000082303,"TML Chima Cars, Kooriyur",Delta Electronics,EVDE25D4DUM,RAMANATHAPURAM,2
TPAC661,"Hotel Piccolo, Boarding Road",TP,SingleSocketCharger,SIBSAGAR,2
TPAC065NEW,Bhairaav Blessings (Private Charger),TP,SingleSocketCharger,MUMBAI,4
TPDC20211260219,TML KD Motors Bareilly Road,telluspower,DC30KW,SHAHJAHANPUR,3
TPDC20220260554,Taj Sawai Madhopur Lodge,telluspower,DC30KW,SAWAI MADHOPUR,1
23R2110E0000851468NEW,Sankalp Recreation Private Limited Charging Station,Delta Electronics,EVDE25D4DUM,BHARUCH,2
TPAC308,Tata Communication BKC (Private Charger),WWWW,SingleSocketCharger,MUMBAI,1
TPAC745,"Arkade Art Prima CHS, Mira Road East  (Private Charger-Green Energy Powered)",TP,SingleSocketCharger,MUMBAI,2
TPAC423,"Taj Resort & Convention Centre, Vainguinim Beach(Private Charger)",TP,SingleSocketCharger,NORTH GOA,1
23R2142E0000852172NEW,The Grand Legacy Mahabaleshwar Charging Station,Delta Electronics,EVDE25E4DUM,SATARA,2
TPAC160,UTI Asset Management (Private Charger-Green Energy Powered),TP,SingleSocketCharger,MUMBAI,1
TPDC20210725020,TML Pragati Trading NH 37 Jorhat Charging Station,telluspower,DC30KW,JORHAT,1
TPAC691,"Ramanujan IT Park, Taramani Block E (Private Charger)",TP,SingleSocketCharger,CHENNAI,1
23R2210E00C0850415,InFour Wheel Care And Tyres Perinthalmanna,Delta Electronics,EVDE25D4DUM,MALAPPURAM,1
23R2220E00C0850700NEW,Hotel Green Palace Charging Station,Delta Electronics,EVDE25E4DUM,HANUMANGARH,0
TPAC1211,DLF Chandigarh IT Park Sec 13 Charging Station,TP,SingleSocketCharger,PANCHKULA,1
TPAC331NEW,Head Quarter Delhi - Inside Parking (Private Charger),WWWW,SingleSocketCharger,SOUTH WEST DELHI,57
TPDC20211003085,Rajshree Resort Saladwas Charging Station,telluspower,DC30KW,JAIPUR,1
TPAC189NEW,JP Eminence (Private Charger),TP,SingleSocketCharger,MUMBAI,1
TPDC20211160041,Click Hotel Sadahalli,telluspower,DC30KW,Bangalore,2
TPAC518,Delhi Cantt 23 Acres Residential Complex (Private Charger),TP,SingleSocketCharger,SOUTH WEST DELHI,2
BL0924001013T04003,Angadia Enterprise Charging Station,BelectriQ Mobility,AC01-10W3-3,SURAT,0
ACHBDCC03250175,The Hridayesh Spa Wilderness Resorts Charging Station,Neo urja,7.4kw single gun ,NAINITAL,2
23R2202E00C0850103NEW,Magadh Line Hotel Bhilai Pahari,Delta Electronics,EVDE25E4DUM,EAST SINGHBHUM,2
TPAC1150,Tata Motors Passenger vehicles North Kotpura (Private Charger),TP,SingleSocketCharger,AHMEDABAD,37
TPDC20220260568,"TML Garapati Auto, Nidamanuru",telluspower,DC30KW,KRISHNA,1
TPDC20220260823,"S Cube Pine and Dine Restaurant Charging Station
",telluspower,DC,WARDHA,2
TPAC716,"Taj Mahal, Man Singh Rd (Private Charger)",TP,SingleSocketCharger,CENTRAL DELHI,0
TPDC20220260759,Shriya Stellar Mall Vidya Nagar Charging Station,telluspower,DC60KW,DHARWAD,4
TPDC20211160026NEW,Route 66 Charging Station,telluspower,DC30KW,SINDHUDURG,1
TPAC323NEW,Marathon ERA CHSL (Private Charger),TP,SingleSocketCharger,MUMBAI,1
23R2137E0000851980,Nine Palms Jirad Road (Private Charger),Delta Electronics,EVPE3225MUN,RAIGAD,3
TPAC442,"Taj Hari Mahal, Jodhpur (Private Charger)",TP,SingleSocketCharger,JODHPUR,2
23R2230E00C0850751,Marigold Banquet Bavdhan,Delta Electronics,EVDE25E4DUM,PUNE,0
TPAC349,Kendriya Vihar Co-operative Housing Society (Private charger),TP,SingleSocketCharger,PUNE,2
03202573,Pitambari Agro Tourism Dapoli,SIEMENS,SICHARGE RC 30,RATNAGIRI,2
TPDC20220761230,Vivanta Dal View Kralsangri Charging Station,telluspower,DC30KW,SRINAGAR,1
23R2003E0000850009NEW,"Tata Motors (Venkataramana Motors), ECIL",Delta Electronics,EVDE25D4DUM,HYDERABAD,0
ALB00102,Amaryllis Karol Bagh (Private Charger),EnnarSoft,BHARAT AC 001,CENTRAL DELHI,2
TPDC20211019039,Hotel Elite Para Road,telluspower,DC30KW,LUCKNOW,0
TPDC20211019003NEW,Vatika One on One Charging Station,telluspower,DC30KW,GURGAON,1
TPDC20211260279,"Hotel Hills, Krishnagiri Road",telluspower,DC30KW,VELLORE,1
TPDC20220260766,Hotel Niraj International Parbhani Charging Station,telluspower,DC,PARBHANI,1
TPDC20211003094NEW,Vatika One on One Charging Station,telluspower,DC30KW,GURGAON,1
23R2146E0000852318,TML GUGNANI AUTOCARS Mancheswar Industrial Estate Charging Station,Delta Electronics,EVDE25E4DUM,KHORDA,1
23R2130E0000851811,Hotel Greenland Towers Rupnarayanpur Charging Stations,Delta Electronics,EVDE25D4DUM,WEST MIDNAPORE,1
TPAC535,Gayatri Dham CHSL Pleasant Park (Private Charger-Green Energy Powered),TP,SingleSocketCharger,MUMBAI,0
23R2210E00C0850441NEW1, The Park lower Parel Charging Station,Delta Electronics,EVDE25E4DUM,MUMBAI,0
ZJ3211000035WE,White Rose Resorts Charging Station,Delta Electronics,EVDE25D4DUM,KURUKSHETRA,0
TPAC441,"Seawoods Estate CHS, Nerul (Private Charger)",TP,SingleSocketCharger,MUMBAI,0
TPDC20220260557,"Taj Fishermanâ€™s Cove Resort & Spa, Chengalpattu",telluspower,DC30KW,KANCHIPURAM,2
TPDC20220260815,Hotel Ariyas Trichy Road Charging Station,telluspower,DC,TIRUPPUR,1
TPDC20211003054,Misty Mountain Teyla Peermade Charging Station,telluspower,DC30KW,IDUKKI,2
DD2310494710060,Automotive Kia,Exicom,HE518671,RANGAREDDY,0
23R2049E0003801374,"The Reserve by Runwal, Worli (Private Charger-Green Energy Powered)",Delta Electronics,EVPE3225MUN,Mumbai,1
LB25052090,ALAGU & CO Charging Station,Lubi,CCS60kW,DINDIGUL,0
TPAC1069,Belvedere Court Condomonium (Private Charger-Green Energy Powered),TP,SingleSocketCharger,MUMBAI,0
TPAC057,Wintergreen CHSL CCI Rivali Park (Private Charger - Green Energy Powered),TP,SingleSocketCharger,Mumbai,1
TPAC305,Prestige Shantiniketan Near Tower 12 Charging Station,TP,SingleSocketCharger,BANGALORE,1
TPDC20220661094,Akshat Tower Charging Station,telluspower,DC30KW,KAMRUP METROPOLITAN,1
TPAC1404,NASSCOM Sec 126 (Private Charger),TP,SingleSocketCharger,GAUTAM BUDDHA NAGAR,3
23R2240E00C0850772,"Centrum Plaza, Sec 53 (Private Charger)",Delta Electronics,EVPE3225MUN,GURGAON,4
TPAC542,Vivanta Dal View Kralsangri Charging Station,TP,SingleSocketCharger,SRINAGAR,1
JDJ222100875W0,Aster CHS Kandivali East (Private Charger -Green Energy Powered),Delta Electronics,EVPE3225MUN,MUMBAI,5
TPDC20220260764NEW,"IOCL - Surya Agencies, Gandepalli",telluspower,DC60KW,EAST GODAVARI,2
TPDC20220260503,"IOCL - Sri Siva Srinivasa Fs, Dachepalli",telluspower,DC30KW,GUNTUR,1
ZJO214700263W0,KVR Dream Vehicles Koothuparamba Charging Station,Delta Electronics,EVDE25E4DUM,KANNUR,1
23R2210E00C0850401,IOCL- Shri Hari Laxmi Fuels Farukhnagar Charging Station,Delta Electronics,EVDE25E4DUM,GURGAON,1
TPDC20220260830,Jai Shree Balaji Dhaba and Family Restaurant,telluspower,DC60KW,BHOPAL,1
TPDC20211003005,TML Nawal Motors Mathura Charging Station,telluspower,DC30KW,MATHURA,1
TPAC1077,Crescent Horizon (Private Charger),TP,SingleSocketCharger,MUMBAI,1
23R2220E00C0850703,Hotel New Mahadev Chakan,Delta Electronics,EVDE25E4DUM,PUNE,0
23R2206E00C0850326,Trupti Automotives Udayabata,Delta Electronics,EVDE25E4DUM,JAGATSINGHAPUR,2
TPAC229NEW,Auram Grande CHS (Private Charger),TP,SingleSocketCharger,MUMBAI,1
TPDC20220260491,Seven Leisure Club Charging Station,telluspower,DC30KW,AHMEDABAD,0
TPAC1126,"Lodha Belmondo,Tower 8, Opp MCA Cricket Stadium (Private Charger)",TP,SingleSocketCharger,Pune,2
TPAC341,"SPRINGS-I CHS, Dadar (Private Charger-Green Energy Powered)",WWWW,SingleSocketCharger,MUMBAI,1
TPDC20211160030,"Ginger Hotel, Near Kottara Chowki Junction",telluspower,DC30KW,Dakshina Kannada,2
TPDC20210903004NEW,IOCL MVS Indian Oil Tada Nellore Charging Station,telluspower,DC30KW,NELLORE,1
TPAC2024NEW,L&T Emerald Isle Powai (Private Charger - Green Energy Powered),TP,SingleSocketCharger,Mumbai,2
23R2230E00C0850747NEW1,Tata Power Ghatkopar Charging Station,Delta Electronics,EVDE25E4DUM,MUMBAI,0
ACHBDCC03250122,SR EV Fast Charging Hub,Neo urja,7.4kw single gun ,LUCKNOW,1
23R2202E00C0850052, Colaba (Private Charger),Delta Electronics,EVPE3225MUN,Mumbai,3
JDJ193500283W0,Palladium Mall (Green Energy Powered),Delta Electronics,EVPE3225MUN,Mumbai,0
TPAC362,"Castle Rock, Powai (Private Charger-Green Energy Powered)",WWWW,SingleSocketCharger,MUMBAI,0
LB25072169,Hotel Church Side Madikeri 60 KW Charging Station,Lubi,CCS60kW,ATHANI,2
TPDC20211260294,Taj Tirupati,telluspower,DC30KW,CHITTOOR,1
23R2202E00C0850104,"Hotel Gokulam Relax Park, Karuvambram",Delta Electronics,EVDE25E4DUM,MALAPPURAM,1
TPDC20220260485,"TML Derik Motors, Trivandrum Road",telluspower,DC30KW,KANYAKUMARI,2
TPDC20211260218,"IOCL Dhanalakshmi Filling Station, Vangara",telluspower,DC30KW,SRIKAKULAM,1
TPAC856,"Taj Safari, Pashangarh ",TP,SingleSocketCharger,CHHATARPUR,15
TPAC1237,Westend Heights Phase V (Private Charger),TP,SingleSocketCharger,GURGAON,1
TPDC20220761227,Rajput Hotel And Restaurant Samaspur,telluspower,DC30KW,PRATAPGARH,1
TPDC20211260092,"IOCL Simhadri Enterprise, Parawada",telluspower,DC30KW,VISAKHAPATNAM,1
TPAC1101NEW,Lodha Palava Sec 4 MLCP (Private charger),TP,SingleSocketCharger,MUMBAI,17
TPAC340NEW,Kalpataru Immensa (Private Charger),TP,SingleSocketCharger,MUMBAI,2
TPAC1159,,TP,SingleSocketCharger,,1
TPAC938,Serene County Gachibowli (Private Charger),TP,SingleSocketCharger,RANGAREDDY,1
23R2142E0000852192NEW,IOCL Green Fules REDDIPALEM,Delta Electronics,EVDE25D4DUM,GUNTUR,1
TPDC20210903031,"IOCL TANAMALA PETRO, NH 16 Thagelu",telluspower,DC30KW,NELLORE,1
TPAC1148,Madhuli CHSL Worli (Private Charger),TP,SingleSocketCharger,MUMBAI,2
23R2202E00C0850214,"Ravine Hotels, Wai-Panchgani Road",Delta Electronics,EVPE3225MUN,SATARA,2
TACW740521G0275,"Lodha iThink - simtools, Chirak Nagar (Private Charger)",ABB,CDT_TACW7::NET_4G,MUMBAI,1
TPDC20211260290,Taj Vivanta Coimbatore,telluspower,DC30KW,COIMBATORE,2
TPDC20220260717,"Taj Rishikesh Resort & Spa, Singthali",telluspower,DC30KW,TEHRI GARHWAL,2
TPDC20220761272,Nibir Motors Jalangi Road,telluspower,DC30KW,MURSHIDABAD,2
TPDC20220961539,Hotel Geetanjali Paradise Hazaribag Charging Station,telluspower,DC30KW,HAZARIBAGH,2
23R2206E00C0850339,IOCL UNI TRADERS Itikyal Mandal,Delta Electronics,EVDE25E4DUM,GADWAL,1
TPDC20211003034NEW,TML Brijlax Motors Lahartara Charging Station,telluspower,DC30KW,VARANASI,1
TPAC194,"Satya The Element One, Sec 47 & 49",TP,SingleSocketCharger,GURGAON,2
TPDC20220260481NEW1,F&F Mall Charging station,telluspower,DC30KW,JAMNAGAR,1
TPAC271,"Taj View, Fateh Road (Private Charger)",TP,SingleSocketCharger,AGRA,1
23R2142E0000852151,TML Puneet Automobiles Lucknow Charging Station,Delta Electronics,EVDE25E4DUM,LUCKNOW,1
TPDC20220761228,Dhansri Auto Tinsukia,telluspower,DC30KW,TINSUKIA,3
23R2116E0000851626,TML Rangeet Auto NH 31 Coochbehar Charging Station,Delta Electronics,EVDE25D4DUM,COOCH BEHAR,2
TPDC20221061714,,telluspower,DC,,0
TPDC20220761248,Hotel Panchwati Karanja Charging Station,telluspower,DC30KW,WARDHA,2
TPAC075,Prestige Shantiniketan Near Tower 5 Charging Station,WWWW,SingleSocketCharger,BANGALORE,9
TPDC20210903048NEW,Vatika One on One Charging Station,telluspower,DC30KW,GURGAON,1
TPDC20210114007NEW,IOCL Top Fuels Karanthakkad Charging station,telluspower,DC,KASARAGOD,1
23R2206E00C0850307,"TML Varalakshmi Automobiles, Ongole",Delta Electronics,EVDE25D4DUM,PRAKASAM,0
SI04202506,Electronic City Hub Charging Station,SIEMENS,SICHARGE RC 60,BANGALORE,4
TPAC172,"Pearl Heights, Kanwali Road (Private Charger)",TP,SingleSocketCharger,DEHRADUN,2
TPDC20211260315,IOCL Sree Ss Penuganchiprolu Charging Station,telluspower,DC30KW,KRISHNA,2
TPAC152,"High Street, Sec 81 ",TP,SingleSocketCharger,FARIDABAD,7
23R2227E03A0850884,IOCL Raghu Fs Charging Station,Delta Electronics,EVDE25D4DUM,KADAPA,1
TPAC1102,Wave One Sector 18 Charging Station (7th Floor),TP,SingleSocketCharger,GAUTAM BUDDHA NAGAR,0
D52410513890008,KIA Miraculum Motors Belagavi,Exicom,HE518675,BELAGAVI,1
TPAC1022,State bank of India West Gandhi Mandan (Private Charger),TP,SingleSocketCharger,PATNA,2
TPAC1174,Primus Residences (Private Charger-Green Energy Powered),TP,SingleSocketCharger,MUMBAI,0
TPAC240,Purvanchal Kings Court (Private Charger),TP,SingleSocketCharger,LUCKNOW,2
23R2229E03A0850929NEW,"Shanti Garden CHS, Sec-4 (Private Charger-Green Energy Powered)",Delta Electronics,EVPE3225MUN,MUMBAI,1
DN2010343440004,MG Motors (FPL Vehicles),Exicom,HE518216,VELLORE,2
TPDC20210224002,TML KVR Dream vehicles Vidya Nagar Kasargod Charging Station,telluspower,DC30KW,KASARAGOD,1
TPDC20220761264,Jaika Motors Gadchiroli,telluspower,DC30KW,GADCHIROLI,1
TPAC392,AHR NOTTING HILL,TP,SingleSocketCharger,DEHRADUN,0
TPDC20220260741,"IOCL Usha Kiran Ss, Yemmiganur",telluspower,DC30KW,KURNOOL,1
TPDC20220260753,"Vivanta By Taj, Surajkund",telluspower,DC60KW,FARIDABAD,1
23R2202E00C0850199,"IREO The Grand Arch, Sec 58 (Private Charger)",Delta Electronics,EVPE3225MUN,GURGAON,2
23R2230E00C0850769NEW1,Tata Power Ghatkopar Charging Station,Delta Electronics,EVDE25E4DUM,MUMBAI,0
TPAC1048,Jaypee Associate Kalypso Court Tower 1 (Private Charger),TP,SingleSocketCharger,GAUTAM BUDDHA NAGAR,1
TPAC170,"Pearl Heights, Kanwali Road (Private Charger)",TP,SingleSocketCharger,DEHRADUN,3
TPAC1134,Northside CHS (Private Charger),TP,SingleSocketCharger,MUMBAI,1
TPDC20220961540,Axom Motors Dispur,telluspower,DC30KW,KAMRUP METROPOLITAN,1
TPDC20220260682,Taj Wellington Mews,telluspower,DC30KW,CHENNAI,1
LB25052051,Tata Power x Tata.ev The Leela Mega Charger,Lubi,CCS60kW,MUMBAI,2
TPAC066,"Fujitsu Consulting, MIDC (Private Charger)",TP,SingleSocketCharger,PUNE,1
TPAC2008NEW,BPTP Visionnaire Villa (Private Charger),TP,SingleSocketCharger,GURGAON,0
TPDC20220761220,Subhangshu Motors NH 37,telluspower,DC30KW,DIBRUGARH,2
TPDC20211003058NEW,Moti Palace Charging Station,telluspower,DC30KW,HANUMANGARH,1
TPAC924,"Celestia Spaces, Sewri West (Private Charger-Green Energy Powered)",TP,SingleSocketCharger,MUMBAI,8
TPDC20220260699,Hotel Fortune Park Panchawati Kona Expr,telluspower,DC30KW,HOWRAH,0
23R2150E00C0852533NEW,MD Farms And Resorts,Delta Electronics,EVDE25E4DUM,MATHURA,2
TPDC20210114013NEW1,V-NET Shopping Complex,telluspower,DC30KW,KANNUR,2
TPDC20220260831,Highway Chowpatty NH53 Charging Station,telluspower,DC60KW,RAJNANDGAON,1
23R2113E0003801533,Axis House Jaypee Green Wish town Sector 128 Charging Station,Delta Electronics,EVPE3225MUN,GAUTAM BUDDHA NAGAR,2
TPAC1096,ATS One Hamlet (Private Charger),TP,SingleSocketCharger,GAUTAM BUDDHA NAGAR,0
TPDC20220961551,Padmaja Motors Kolpa,telluspower,DC30KW,LATUR,1
TPDC20220761221,Gorbandh Palace Charging Station,telluspower,DC30KW,JAISALMER,2
TPAC718,Brigade Gardenia JP Nagar Block E Golden magic (Private Charger),TP,SingleSocketCharger,BANGALORE,1
LB25072171,Kids World Charging Station,Lubi,CCS60kW,HYDERABAD,4
23R2210E00C0850372,"Taj Exotica Resort & Spa, Benaulim (Private Charger)",Delta Electronics,EVPE3225MUN,SOUTH GOA,2
LB25072173,Rayman Exports Charging Station,Lubi,CCS60kW,UDAIPUR,2
ACHBDCC03250191,Casa Grand Aristo Charging Point,Neo Urja,7.4KW Single gun ,KANCHIPURAM,1
JDJ222401512W0NEW,"Central Park Flower Valley, G120 (Private Charger)",Delta Electronics,EVPE3225MUN,GURGAON,1
TPAC210,"Hotel Xandari Pearl beach, Mararikulam",TP,SingleSocketCharger,ALAPPUZHA,8
TPDC20210725002,"Mauli Petroleum, Wagholi",telluspower,DC30KW,Pune,1
TPDC20220761229,Vivanta Hinjewadi Charging Station,telluspower,DC30KW,PUNE,0
TPAC2015,"Taj Sawai Man Mahal, Bhawani Singh Road (Private Charger)",TP,SingleSocketCharger,JAIPUR,1
D12010310600009NEW,Giri Family Hotel and Restaurant,Exicom,HE518215,KANPUR DEHAT,2
ZJ3191900049WE,TML Sai Baba Theregaon ,Delta Electronics,EVDE25D4DUM,Pune,0
TPAC727,"Taj Safari Lodge, Mahua Kothi",TP,SingleSocketCharger,UMARIA,14
TPDC20220961550,DLF Cyber City Building No 6 Charging Station,telluspower,DC30KW,GURGAON,1
TPDC20220260610,TSS Super Market Yellapur,telluspower,DC30KW,UTTARA KANNADA,2
TPAC2006,"Taj Vivanta, Pakyong Charging Station",TP,SingleSocketCharger,EAST SIKKIM,2
EG119900016R0NEW,NSEZ New Park No 6 (Private Charger),Delta Electronics,CPM123456,GAUTAM BUDDHA NAGAR,1
TPDC20211160024,Sri Sabari Fuels Charging Station,telluspower,DC30KW,ERODE,1
TPDC20220761195,TML Frontier MotoCorp Narsinghpur,telluspower,DC30KW,NARSINGHPUR,2
23R2116E0000851623,Tata Motors (True Sai Motors),Delta Electronics,EVDE25D4DUM,KRISHNAGIRI,1
D12010310600018,MG Jayalakshmi Auto Enterprises Gudavalli  Charging Station,Exicom,HE518215,KRISHNA,0
23R2206E00C0850329,"TML Key Motors, Kanakpura",Delta Electronics,EVDE25E4DUM,RAMANAGAR,1
LB25072193,Grand Food Plaza Kelwade Bhor Charging Sation,Lubi,CCS60kW,PUNE,3
TPAC035,"Seawoods Estate Ltd, Near Fire Office (Private Charger)",TP,SingleSocketCharger,Mumbai,2
23R2230E00C0850765,Mamta Food Plaza Bakhtiyarpur Charging Station,Delta Electronics,EVDE25E4DUM,PATNA,2
TPDC20211003011NEW,IOCL Vishnu Reliable Agencies Renigunta Charging Station,telluspower,DC30KW,CHITTOOR,1
TPAC746,"Taj Amer, Chimanpura (Private Charger)",TP,SingleSocketCharger,JAIPUR,1
TPAC1138,Green Hive (Private Charger),TP,SingleSocketCharger,PUNE,2
TPAC026,"Ginger Hotel, Borbari",TP,SingleSocketCharger,KAMRUP METROPOLITAN,2
TPAC505,Ramada By Wyndham Ajmer,TP,SingleSocketCharger,AJMER,2
00055,"Pearl Heights, Raj Vihar (Private Charger)",EnnarrSoft,BHARAT AC 001,DEHRADUN,3
TPAC1005NEW,Oberoi Springs Andheri West (Private Charger-Green Energy Powered),TP,SingleSocketCharger,MUMBAI,1
23R2032E03A5001077NEW,MG GPS Automobile Parbatpura Ajmer Charging Station,Delta Electronics,CPM123456,AJMER,4
TPAC1154,Whispering Heights Pawna Lake,TP,SingleSocketCharger,PUNE,3
TPDC20211260104,"IOCL - MADHULIKA SERVICE CENTRE, Meerut Road Charging Station",telluspower,DC30KW,MEERUT,3
TPAC1108,Lodha Belmondo Opp MCA Cricket Stadium Near to Substation 4 (Private Charger),TP,SingleSocketCharger,PUNE,1
TPAC1034,Neelkanth Business Park Vidyavihar West (Green Energy Powered),TP,SingleSocketCharger,MUMBAI,1
ZJ3201200083WE,TML Adisakti Motors Davangere Charging Station,Delta Electronics,EVDE25D4DUM,DAVANGERE,2
TACW740521G0262,"Lodha iThink - simtools, Chirak Nagar (Private Charger)",ABB,CDT_TACW7::NET_4G,MUMBAI,0
TPAC453,Lodha Upper Thane Anjur MLCP C (Private Charger),TP,SingleSocketCharger,MUMBAI,1
TPAC522,"State bank of India St Mark's Road, Aneex Building (Private Charger)",TP,SingleSocketCharger,BANGALORE,3
TPDC20220661096NEW,HPCL COCO Nizampura Charging Station,telluspower,DC30KW,VADODARA,8
TPDC20220260482,"Picaddily Holiday Resorts, Kasauli",telluspower,DC30KW,SOLAN,1
TPAC132NEW,One Lodha Place (Private charger-Green Energy Powered),TP,SingleSocketCharger,MUMBAI,1
23R2145E0000852258,Gokulam Park Munnar Charging Station,Delta Electronics,EVPE3225MUN,IDUKKI,7
TPAC122,"Windsor Grande Residences, Andheri West (Private Charger-Green Energy Powered)",TP,SingleSocketCharger,MUMBAI,0
TPDC20211260096,IOCL R.P. FS KATTANGOOR,telluspower,DC30KW,NALGONDA,1
TPDC20220661082,Moga Dhaba Family Hall Rampur Charging Station,telluspower,DC30KW,RAMPUR,2
TPDC20220260857,Hotel Dana Pani Refinery Road,telluspower,DC60KW,BARMER,2
23R2206E00C0850320,Regenta Central Somnath,Delta Electronics,EVDE25E4DUM,GIR SOMNATH,0
TPAC1340,Supreme Mega Construction-Elysia (Private charger),TP,SingleSocketCharger,MUMBAI,1
TPDC20211260272,Pattukottai Mess,telluspower,DC30KW,VILLUPURAM,2
TPAC1082,"Voltas Limited, Chinchpokli (Private Charger)",TP,SingleSocketCharger,MUMBAI,1
D22110360720009NEW,Hotels Tree Top Residency,Exicom,HE518216,KACHCHH,1
TPDC20220961511,Vatika One on One Charging Station,telluspower,DC30KW,GURGAON,0
ALB00183,Belmac Residences Kalyani Nagar (Private Charger),EnnarrSoft,BHARAT AC 001,PUNE,0
23R2230E00C0850742NEW1,Tata Power Ghatkopar Charging Station,Delta Electronics,EVDE25E4DUM,MUMBAI,1
TPAC1055,Crescent Horizon (Private Charger),TP,SingleSocketCharger,MUMBAI,3
TPAC1061,ATS One Hamlet (Private Charger),TP,SingleSocketCharger,GAUTAM BUDDHA NAGAR,0
D82410526860005,Fariyas Resort Lonavala (Private Charger),Exicom,HE517936,PUNE,0
23R2206E00C0850246,"Vatika Lifestyle homes, Sector 83 (Private Charger)",Delta Electronics,EVPE3225MUN,GURGAON,2
TPDC20211260268,IOCL Koushik Fs,telluspower,DC30KW,GUNTUR,2
TPDC20210903002NEW,IOCL Dhanshek Petro Autonagar Guntur ,telluspower,DC30KW,GUNTUR,1
TPAC019,"Ginger Hotel, Nayapalli",TP,SingleSocketCharger,KHORDA,1
TPAC267NEW,Raheja Residency D (Private Charger),TP,SingleSocketCharger,MUMBAI,0
TPDC20211260110,IOCL - Jai Ganesh Fs,telluspower,DC30KW,KOTHAGUDEM,3
23R2229E03A0850950,"Narmada Residents, Vasant Kunj (Private Charger)",Delta Electronics,EVPE3225MUN,NORTH DELHI,3
TPAC421,"Taj Jai Mahal Palace, Civil Lines (Private Charger)",TP,SingleSocketCharger,JAIPUR,1
TPDC20220260703,Taj Wellington Mews,telluspower,DC30KW,CHENNAI,1
TPDC20220260738,"Taj Cidade de Goa, Vainguinim Beach",telluspower,DC30KW,NORTH GOA,1
D22110360720019NEW,"The Grand Palace, Ghazipur Charging Station",Exicom,HE518216,GHAZIPUR,3
TPAC190,"Windsor Grande Residences, Andheri West (Private Charger-Green Energy Powered)",TP,SingleSocketCharger,MUMBAI,3
TPDC20220661102,Marina Motors Thamarassery,telluspower,DC30KW,KOZHIKODE,0
23R2202E00C0850046NEW,Taj Ramgarh Lodge,Delta Electronics,EVPE3225MUN,JAIPUR,2
TPDC20220260558,IOCL Sreenivasa Fs,telluspower,DC30KW,ANANTHAPUR,1
TPDC20211160036NEW1,Hotel Amber Charging Station,telluspower,DC30KW,AHMEDABAD,2
23R2108E0000851461,Ardee Mall (2Hrs Free Parking),Delta Electronics,EVDE25D4DUM,GURGAON,2
TPDC20220761239,Motel Havelli Hotel and Resort NH 11 Charging Station,telluspower,DC30KW,CHURU,2
TPAC1073,Amaryllis Karol Bagh (Private Charger),TP,SingleSocketCharger,CENTRAL DELHI,1
23R2233E03A0851090,Brijlax Motors Shivpur,Delta Electronics,EVDE25E4DUM,VARANASI,1
TPAC005NEW,Head Quarter Delhi - Inside Parking (Private Charger),TP,SingleSocketCharger,SOUTH WEST DELHI,1
TPAC262,"Diplomatic Greens, Dwarka Express Way Phase 2 (Private Charger)",TP,SingleSocketCharger,GURGAON,0
23R2150E00C0852477,"Hotel Swamiraj, Solapur Road",Delta Electronics,EVPE3225MUN,Pune,136
23R2137E0000852019,"Infinity IT Park, Raheja (Private-only restricted use)",Delta Electronics,EVPE3225MUN,Mumbai,0
TPDC20220260590,COFFEE HOUSE CLASSIC,telluspower,DC30KW,HOWRAH,0
23R2210E00C0850356,"Sunlife Infra Projects, Tonk Road",Delta Electronics,EVDE25E4DUM,JAIPUR,0
TPAC304,"Rustomjee Garden 6, Matunga East (Private Charger)",TP,SingleSocketCharger,MUMBAI,2
MINE250700374,Savoy Green karnal Charging Station,mindra,240kw DISPENSER,JIND,1
TPDC20211003027NEW,IOCL KOORAPATI SERVICE STATION Tirupati Charging Station,telluspower,DC30KW,Chittoor,1
TPAC490NEW,"JP North , Mira Road ( Private Charger-Green Energy Powered)",TP,SingleSocketCharger,MUMBAI,1
TPDC20211019013NEW,Okey Motors Charging Station,telluspower,DC30KW,MIRZAPUR,0
TPAC1212,Chalet 1228 Kusur (Private Charger),TP,SingleSocketCharger,PUNE,4
TPAC539,"Rustomjee Elanza, Malad West (Private Charger-Green Energy Powered)",TP,SingleSocketCharger,MUMBAI,1
23R2240E00C0850821,"Regent Hill, Powai (Private Charger-Green Energy Powered)",Delta Electronics,EVPE3225MUN,MUMBAI,1
TPAC801,Serene County Gachibowli (Private Charger),TP,SingleSocketCharger,RANGAREDDY,1
TPDC20211003064,IOCL Central Prison Kadapa Charging Station,telluspower,DC30KW,KADAPA,1
TPAC353,"ICICI Bank Learning Centre, Khandala (Private Charger)",WWWW,SingleSocketCharger,PUNE,2
TPDC20220260867,GMRDS Block -15 Sector 10 Charging Station,telluspower,DC60KW,GANDHI NAGAR,2
TPDC20220661074,"Unity One, Shahdara Charging Station",telluspower,DC30KW,SHAHDARA,0
23R2206E00C0850264,"Vatika Lifestyle homes, Sector 83 (Private Charger)",Delta Electronics,EVPE3225MUN,GURGAON,1
BE0725001013T04010,Prestige Shantiniketan Near Tower 12 Charging Station,BelectriQ Mobility,AC01-10W3-3,BANGALORE,6
23R2228E03A0850897,"Vatika Towers, Sector 54",Delta Electronics,EVPE3225MUN,GURGAON,1
TPAC1025NEW,"Seawoods Estate CHS, Nerul Gate 2 phase 2 (Private Charger)",TP,SingleSocketCharger,MUMBAI,1
23R2210E00C0850544NEW,"Central Park Flower Valley, Facilites Office (Private Charger)",Delta Electronics,EVPE3225MUN,GURGAON,2
TPAC336,Orange Village Resort Ranipool Charging Station,TP,SingleSocketCharger,EAST SIKKIM,1
TPAC940,Brigade Gardenia JP Nagar Block D Jardine  (Private Charger),TP,SingleSocketCharger,BANGALORE,1
TPAC041NEW,Vatika One on One Charging Station,TP,SingleSocketCharger,GURGAON,0
23R2218E03A5000001,RAS Residency Auto Nagar Charging Station,Delta Electronics,CPM123456,THANJAVUR,1
TPAC550,Ramada By Wyndham Jaisinghpura,TP,SingleSocketCharger,JAIPUR,0
TPAC169,Omkar 1973 Worli (Private Charger-Green Energy Powered),TP,SingleSocketCharger,MUMBAI,2
TPDC20220761182,Hotel Vinayak Resort,telluspower,DC30KW,SIKAR,0
TPAC379,"Taj West end, Race course Rd (Private Charger)",WWWW,SingleSocketCharger,BANGALORE,2
D42410512490001,Kumar Kia,Exicom,HE518675,KALABURAGI,1
23R2011E01A0850501,"Croma, Marenahalli J. P. Nagar",Delta Electronics,DC001,Bangalore,0
TPDC20211260258NEW,Shree Govindam Food Point,telluspower,DC30KW,ALIGARH,2
23R2228E03A0850891,"Vatika Towers, Sector 54",Delta Electronics,EVPE3225MUN,GURGAON,0
23R2142E0000852174NEW,Tirupati Transharyana Highway Meham Charging Station,Delta Electronics,EVDE25E4DUM,ROHTAK,1
TPAC419,"TML Anand Motoren, Sagar",TP,SingleSocketCharger,SAGAR,1
TPDC20220260827,"Hotel Shivprasad Restaurant, Pandharewadi",telluspower,DC60KW,PUNE,2
TPAC207,Sandipa Hotel and Restaurant Kolaghat,TP,SingleSocketCharger,EAST MIDNAPORE,2
TPAC148,"Pearl Heights, Kanwali Road (Private Charger)",TP,SingleSocketCharger,DEHRADUN,2
TPDC20211019014NEW,IOCL Shree Ji Tatarpur Hapur Charging Station,telluspower,DC30KW,HAPUR,1
TPDC20211260300,Taj Tirupati,telluspower,DC30KW,CHITTOOR,0
TPAC1188,One Lodha Place (Private charger-Green Energy Powered),TP,SingleSocketCharger,MUMBAI,1
TPAC686,Taj Holiday Village Resort & Spa (Private Charger),TP,SingleSocketCharger,NORTH GOA,1
TPAC146,"Pratham, Sec 89 (Private Charger)",TP,SingleSocketCharger,FARIDABAD,1
TPAC529NEW,Rustomjee Reserve (Private charger),TP,SingleSocketCharger,MUMBAI,1
23R2142E0000852168,Gokulam Park Munnar Charging Station,Delta Electronics,EVDE25D4DUM,IDUKKI,38
TPDC162624,Eden Garden Restaurant Charging Station,telluspower,DC60KW,MADURAI,3
TPDC20211260288,NSEZ UGR (Private Charger),telluspower,DC30KW,GAUTAM BUDDHA NAGAR,1
TPDC20220961525,Goldrush Sales And Service Sitapur,telluspower,DC30KW,SITAPUR,1
ZJ3201100029WE,Amrai Hotel & Resort Shendre Satara Charging station,Delta Electronics,EVDE25D4DUM,SATARA,3
23R2210E00C0850454,"IOCL BHASKAR PETRO STATION, Anantapur - Tadipatri Road",Delta Electronics,EVDE25E4DUM,ANANTHAPUR,2
23R2219E01A0850002NEW,Bikanerwala Kukrola Panchgaon Gurugram Charging Station,Delta Electronics,CPM123456,GURGAON,2
TPDC20220661051NEW,Singh Dhaba NH 27 Charging Station,telluspower,DC30KW,BASTI,1
TPAC012,"Misty Mountain Teyla, Mundakayam Charging Station",TP,SingleSocketCharger,KOTTAYAM,1
23R2049E0003801348NEW,TML Select Cars SVP Road Charging Station,Delta Electronics,EVDE25D4DUM,Warangal,1
TPDC20220761231,Arpanaa Hotel,telluspower,DC30KW,TIRUVANNAMALAI,1
TPDC20220260669,Hotel Marigold Charging Station,telluspower,DC30KW,ARAVALLI,2
23R2202E00C0850230,"IREO The Grand Arch, Sec 58 (Private Charger)",Delta Electronics,EVPE3225MUN,GURGAON,2
TPDC20220661018,HPCL COMCO Chandkheda,telluspower,DC30KW,GANDHI NAGAR,0
TPDC20220260695,"Taj Theog Resort & Spa, Theog",telluspower,DC30KW,SHIMLA,1
23R2202E00C0850097,Lexican Motors Naldubi,Delta Electronics,EVDE25E4DUM,MALDA,1
23R2126E0000851777,TDI Business Centre Mohali,Delta Electronics,EVDE25D4DUM,MOHALI,1
TPAC654,"Ramanujan IT Park, Taramani Block F (Private Charger)",TP,SingleSocketCharger,CHENNAI,1
TPDC20220260577,Taj Anandkashi Hospitility Llp,telluspower,DC30KW,TEHRI GARHWAL,3
TPAC212,Tata Communication Pune Alandi Road (Private Charger),TP,SingleSocketCharger,PUNE,1
TPAC833,Marigold Regency Shirdi,TP,SingleSocketCharger,AHMED NAGAR,3
TPDC20220961544,Taj Gandhinagar Resort and Spa,telluspower,DC30KW,GANDHI NAGAR,1
23R2240E00C0850824,"MIDC Marol Industries Association,Andheri East",Delta Electronics,EVPE3225MUN,MUMBAI,3
TPAC485,"Jaika Motors, Warud Charging Station",TP,SingleSocketCharger,AMRAVATI,2
TPAC385,"Taj Bekal, Thekkekara (Private Charger)",TP,SingleSocketCharger,KASARAGOD,3
TPDC20210903029NEW,TML Yashraj Motors NH 28 Bishundatpur Charging Station,telluspower,DC30KW,MUZAFFARPUR,1
TPDC20220661019,"Hotel Sayaji pune, Wakad",telluspower,DC30KW,PUNE,2
23R2208E03A5000002,Audi Bhubaneswar,Delta Electronics,CCS50KW,KHORDA,0
DD2410537070006,Express Trade Towers 2,EXICOM,HE518660,GAUTAM BUDDHA NAGAR,0
23R2150E00C0852495,Capegemini Chennai PCT Karapakkam Charging Station,Delta Electronics,EVPE3225MUN,KANCHIPURAM,2
TPAC1315,Sky Mansion (Private Charger),TP,SingleSocketCharger,NORTH WEST DELHI,0
23R2233E03A0851036NEW,Amrapali Eden Park (Private Charger),Delta Electronics,EVPE3225MUN,GAUTAM BUDDHA NAGAR,1
D12010310600010,TML SAB Motors Loni Road Charging Station,Exicom,HE518215,GHAZIABAD,11
TPAC728,"Taj Mahal, Man Singh Rd (Private Charger)",TP,SingleSocketCharger,CENTRAL DELHI,0
TPDC20220961516,Anand Motoren Pvt Ltd Tikamgarh,telluspower,DC30KW,TIKAMGARH,0
ED819400026R0R,"Mauli Petroleum, Wagholi",Delta Electronics,CPM123456,Pune,1
TPDC20211019006,"Ginger Hotel, Nayapalli",telluspower,DC30KW,KHORDA,2
TPDC20211260144,Taj Taal Kutir Convention Centre,telluspower,DC30KW,NORTH 24 PARGANAS,0
TPDC20220260458,"7 Midway Plaza Hotel, NH65",telluspower,DC30KW,NALGONDA,2
D12010310600001,"Tata Motors (Prerna Motors), Kudlugate",Exicom,HE518215,Bangalore,2
TPDC20211260152,"IOCL Sri Sai Venkateshwara Fs, Tekulpally",telluspower,DC30KW,KHAMMAM,2
TPAC216,"Hotel Celebration, Devendra Nagar",TP,SingleSocketCharger,RAIPUR,6
TPDC163904,Collectorate Office MLCP Parking Ayodhya Charging Station,telluspower,DC60KW,FAIZABAD,2
TPAC531,Rudraksh Building CHSL Vaishali Nagar (Private Charger-Green Energy Powered),TP,SingleSocketCharger,MUMBAI,1
23R2233E03A0851034,"IOCL - Mala Petroleum, Nanded",Delta Electronics,EVPE3225MUN,NANDED,4
TPDC20211260262,IOCL Mahesh Fs Charging station,telluspower,DC30KW,GUNTUR,1
00466,"Vijay Associate, Virar West",EnnarrSoft ,BHARAT AC 001,MUMBAI,6
23R2120E0000851673NEW,TML Ganga Vehicles Ramjanpur Tata Charging Station,Delta Electronics,EVDE25D4DUM,BEGUSARAI,5
DD20513170I1009NEW,Lodha Panacea (Private Charger),Exicom,HE517160,MUMBAI,1
TPDC162648,Express Residency Baralal Street Charging Station,telluspower,DC60KW,RANCHI,1
23R2003E0000850012,"Prerana Motors, Rajajinagar",Delta Electronics,EVDE25D4DUM,Bangalore,2
EG119900013R0NEW,NSEZ UGR (Private Charger),Delta Electronics,CPM123456,GAUTAM BUDDHA NAGAR,1
23R2210E00C0850382NEW,Pearls Gateway Tower G (Private Charger),Delta Electronics,EVPE3225MUN,GAUTAM BUDDHA NAGAR,2
23R2206E00CO850248,"Park Royale CHS, Rahatani(Private Charger)",Delta Electronics,EVPE3225MUN,Pune,1
TPDC20220961535,5K Car Care Avinashi Charging Station,telluspower,DC30KW,TIRUPPUR,1
TPAC721,R City Mall Amrut Nagar UB Level North Side Parking,TP,SingleSocketCharger,MUMBAI,0
LB25072175,RAMSUCHIT VISHWAKARMA EV CHARGING STATION,Lubi,CCS60kW,VARANASI,7
TPAC1207,Vivanta Hinjewadi Charging Station,TP,SingleSocketCharger,PUNE,2
TPAC054,Wintergreen CHSL CCI Rivali Park (Private Charger - Green Energy Powered),TP,SingleSocketCharger,Mumbai,1
ZJO215000383W0NEW,TML Hemavi Motors,Delta Electronics,EVDE25E4DUM,DHEMAJI,2
23R2210E00C0850459,IOCL Raghu Vamsi Fs Mahabubnagar,Delta Electronics,EVDE25E4DUM,GADWAL,0
TPAC1038,Belvedere Court Condomonium (Private Charger-Green Energy Powered),TP,SingleSocketCharger,MUMBAI,2
TPAC326NEW,"Rosetum Kasauli, Jagjit Nagar Road",WWWW,SingleSocketCharger,SOLAN,5
23R2150E00C0852522NEW,Kiran Villa Palace Charging Station,Delta Electronics,EVDE25E4DUM,BHARATPUR,6
23R2233E03A0851026NEW,Miramar Resort Bidhannagar,Delta Electronics,EVPE3225MUN,DARJILING,3
TACW740521G0213,"Lodha iThink - simtools, Chirak Nagar (Private Charger)",ABB,CDT_TACW7::NET_4G,MUMBAI,1
23R2238E03A0851126,"Dhoot Time Residency, Sec-63 (Private charger)",Delta Electronics,EVPE3225MUN,GURGAON,1
TPAC1121,Upavan CHSL (Private Charger),TP,SingleSocketCharger,MUMBAI,1
TPDC20210831005NEW,Hotel Highway King Gulabbag,telluspower,DC30KW,PURNIA,0
23R2126E0000851757,Yaksh The Art People Delhi Jaipur Highway Charging Station,Delta Electronics,EVDE25D4DUM,JAIPUR,1
TACW740521G0265,"Lodha Business Park, Amara MLCP (Private-Only for residents)",ABB,CDT_TACW7::NET_4G,Mumbai,1
TPAC456,"Taj Bengal, Alipore (private Charger)",TP,SingleSocketCharger,KOLKATA,5
TPAC359NEW,"Lodha Sterling, Kolshet Rd (Private Charger)",TP,SingleSocketCharger,MUMBAI,1
210428520010NEW,"IOCL Kargil Shaheed Shri Krishan Lal Filling Station, Sonipat",EXICOM,HE518408,SONIPAT,2
TPAC153,"Seawoods Estate CHS, Nerul (Private Charger)",TP,SingleSocketCharger,MUMBAI,1
TPAC2029,"The Park Zone Connect, Avinashi Rd",TP,SingleSocketCharger,COIMBATORE,1
TPDC20211260108,IOCL Deepthi Petroleums Nallajerla,telluspower,DC30KW,WEST GODAVARI,1
TPAC144NEW,One Lodha Place (Private charger-Green Energy Powered),TP,SingleSocketCharger,MUMBAI,1
TPDC20211260074,The Leprosy Mission India,telluspower,DC30KW,GAUTAM BUDDHA NAGAR,1
TPDC20221061725,Growers Cafe Belur Charging Station,telluspower,DC30KW,HASSAN,2
TPDC20211160052,Apollo Eastern Tyres Nigdi,telluspower,DC30KW,PUNE,1
TPAC117,"Solitaire CHSL, Powai (Private Charger)",TP,SingleSocketCharger,MUMBAI,3
BE0725001013T04008,Prestige Shantiniketan Near Tower 21 Charging Station,BelectriQ Mobility,AC01-10W3-3,BANGALORE,4
TPDC20220260663,IOCL Kodur Filling Station,telluspower,DC30KW,KADAPA,1
ZJ3201200091WE,TML Hyson Motors Puzhakkal Charging Station,Delta Electronics,EVDE25D4DUM,THRISSUR,2
23R2210E00C0850364,Tata Power - Vikhroli Receiving Station (Green Energy Powered),Delta Electronics,EVDE25E4DUM,Mumbai,1
D52410513890005,Sahib Kia,Exicom,HE518675,GORAKHPUR,0
TPAC317,Taj Vivanta Coimbatore,TP,SingleSocketCharger,COIMBATORE,4
TPDC162649,Hotel Sagar Grand Charging Station,telluspower,DC60KW,ETAWAH,3
TPAC495,"Taj Swarna, Outer Circular Road (Private Charger)",TP,SingleSocketCharger,AMRITSAR,2
TPAC1464NEW,Chimes Private Limited Sec 44 (Private Charger),TP,SingleSocketCharger,GURGAON,1
TPDC20220761213NEW,"IOCL  24 Seven Filling Station, Badshahpur",telluspower,DC30KW,GURGAON,2
TPAC316NEW,"Taj Madikeri Resort & Spa, Madikeri (Private Charger)",TP,SingleSocketCharger,ATHANI,3
TPDC20211260298,"Pavillion Mall, Old Session Court Road",telluspower,DC30KW,LUDHIANA,0
23R2110E0000851475,AH Group Hinjewadi Phase I,Delta Electronics,EVDE25D4DUM,Pune,1
TPDC20211260079,IOCL Kdloa Nidamanuru Charging station,telluspower,DC30KW,KRISHNA,1
JDJ190300092W0,"TML Frontier Motors, Karmeta",Delta Electronics,EVPE3225MUN,JABALPUR,1
TPDC20220260826NEW,Kundans Restaurant Dariyapur Bujurg,telluspower,DC60KW,AMROHA,0
23R2150E00C0852529,Tirupati Transharyana Highway Meham Charging Station,Delta Electronics,EVDE25E4DUM,ROHTAK,1
23R2142E0000852191,Sarawgi Motors Saukuchi Charging Station,Delta Electronics,EVDE25E4DUM,KAMRUP METROPOLITAN,1
ALB00020,Serene County Gachibowli (Private Charger),Ennarrsoft,BHARAT AC 001,RANGAREDDY,1
ZJ3201100027WE,TML Dion Automotives Samantarapur Charging Station,Delta Electronics,EVDE25D4DUM,KHORDA,0
TPDC20220961554,"Hotel Piccolo, Boarding Road",telluspower,DC30KW,SIBSAGAR,2
SI04202511,Electronic City Hub Charging Station,SIEMENS,SICHARGE RC 60,BANGALORE,2
T54IT12919073,JLR Shiva Motocorp Sec 5 Noida Charging Station,ABB,MD_TERRA_53,GAUTAM BUDDHA NAGAR,1
SI04202512,Electronic City Hub Charging Station,SIEMENS,SICHARGE RC 60,BANGALORE,2
TPDC20220260471,SeleQtions Munnar Charging Station,telluspower,DC30KW,IDUKKI,1
23R2206E00C0850317,"IOCL Srimannarayana, Chimalapadu",Delta Electronics,EVDE25D4DUM,KRISHNA,0
TPAC705,Brigade Gardenia JP Nagar Block C Magnificia (Private Charger),TP,SingleSocketCharger,BANGALORE,1
TPDC20220961559,KVR Dream Vehicles Thalassery,telluspower,DC30KW,KANNUR,0
SI04202509,Electronic City Hub Charging Station,SIEMENS,SICHARGE RC 60,BANGALORE,0
D22110360720006NEW,RS  FILLING STATION Charing Station,Exicom,HE518216,MAINPURI,5
TPAC142,"The Panache Banquets, Danapur Khagoul Road",TP,SingleSocketCharger,Patna,5
ZJ3201100043WENEW,Vivera Hotels and Resorts,Delta Electronics,EVDE25D4DUM,BHONGIR,2
TPAC1469,NASSCOM Sec 126 (Private Charger),TP,SingleSocketCharger,GAUTAM BUDDHA NAGAR,3
TPDC20210903007NEW,IOCL Shanthi Social Services Singanallur  Charging Station,telluspower,DC30KW,COIMBATORE,1
TPDC20211003050NEW,IOCL Sri Sapthagiri Fuels Tadigotla Charging Station,telluspower,DC30KW,KADAPA,1
TPDC20220661065,Hotel New Mahadev Chakan,telluspower,DC30KW,PUNE,0
TPAC704,Kendriya Vihar -II Jaipur (Private Charger),TP,SingleSocketCharger,JAIPUR,1
D62110379810001,IOCL Om Petroleum Kamod Charging Station,Exicom,HE518216,AHMEDABAD,0
TPAC1307,Supreme Towers,TP,SingleSocketCharger,GAUTAM BUDDHA NAGAR,0
TPDC20220761181,Miyapur Calvari Church Side - Service Road,telluspower,DC30KW,TRIMULGHERRY,0
TPDC20220260720NEW,MOM's KITCHEN Charging Station,telluspower,DC30KW,EAST MIDNAPORE,4
DD2010347040002,Hriday Cars,Exicom,HE518216,INDORE,1
TPDC20220961528,Wave Jammu Opp Bathindi Road Bypass Charging Station,telluspower,DC30KW,JAMMU,0
TPDC162618,Hotel Udupi Utsav Sundahalli Charging Station,telluspower,DC60KW,MANDYA,0
TPDC162655,Skyworld Hotel and Resorts Charging Station,telluspower,DC60KW,NAGAUR,1
TPAC673,The Oil and Natural Gas BKC (Private Charger),TP,SingleSocketCharger,MUMBAI,2
23R2024E0003800973,"Somila Garden, BHILWARA-UDAIPUR HIGHWAY",Delta Electronics,EVPE3225MUN,BHILWARA,1
TPDC20220260680NEW,"Taj Madikeri Resort & Spa, Madikeri",telluspower,DC30KW,ATHANI,4
D92410527680007,Jaypee Greens Klassic Arcade ,EXICOM,HE518660,GAUTAM BUDDHA NAGAR,2
TPAC052,Wintergreen CHSL CCI Rivali Park (Private Charger - Green Energy Powered),TP,SingleSocketCharger,Mumbai,4
TPDC20220260793,"Hotel Royal Heritage, Kishangarh",telluspower,DC60KW,AJMER,2
23R2240E00C0850815,"Regent Hill, Powai (Private Charger-Green Energy Powered)",Delta Electronics,EVPE3225MUN,MUMBAI,0
23R2120E0000851690,Tata Motors Sagar Udyog Marg Charging Station,Delta Electronics,EVDE25D4DUM,GAUTAM BUDDHA NAGAR,1
TPAC078,"Taj Theog Resort & Spa, Theog (Private Charger)",TP,SingleSocketCharger,SHIMLA,1
TPAC014NEW,Sandoz Restaurant and Hotel,TP,SingleSocketCharger,AMRITSAR,1
23R2104E01A0851408,IOCL City Service Centre Charging station,Delta Electronics,CPM123456,NORTH DELHI,0
TPAC1046,ATS One Hamlet (Private Charger),TP,SingleSocketCharger,GAUTAM BUDDHA NAGAR,0
TPDC163890NEW,Aahar Hotel Gorakhpur,telluspower,DC60KW,GORAKHPUR,1
23R2210E00C0850434NEW1, The Park lower Parel Charging Station,Delta Electronics,EVDE25E4DUM,MUMBAI,0
TACW740521G0322,"Lodha Belmondo,Tower 8, Opp MCA Cricket Stadium (Private Charger)",ABB,CDT_TACW7::NET_4G,Pune,1
TPAC192,UTI Asset Management (Private Charger-Green Energy Powered),TP,SingleSocketCharger,MUMBAI,1
TPAC1190,Wave One Sector 18 Charging Station (7th Floor),TP,SingleSocketCharger,GAUTAM BUDDHA NAGAR,0
TPDC20211260141,IOCL Kandhulapullaiah Oil Fs Charging station,telluspower,DC30KW,KOTHAGUDEM,1
ACHBDCC03250312,EMBASSY RESIDENCY APARTMENT OWNERS ASSOCIATION (Private Charger),Neo Urja,7.4KW Single gun ,KANCHIPURAM,2
23R2110E0000851467,Hotel Silver Leaf Charging station,Delta Electronics,EVDE25D4DUM,PILIBHIT,3
D92410528230007,DLF Cyber City Building No 6 Charging Station,EXICOM,HE518741,GURGAON,1
TPDC20220661088,GRAM BANGLA RESORT,telluspower,DC30KW,BANKURA,0
TPDC20220260770,Murugan Idli Shop Charging Station,telluspower,DC60KW,KANCHIPURAM,1
23R2150E00C0852518NEW,Saguna Baug Agro Tourism Resort Karjat Charging Station,Delta Electronics,EVPE3225MUN,RAIGAD,1
LB25072188,Om Hotel Restaurant Charging Station,Lubi,CCS30kW,JHABUA,0
TPAC1097,BGTA Ganga (Private Charger),TP,SingleSocketCharger,MUMBAI,3
TACW2244521G0697,ATS One Hamlet Tower 9 (Private Charger),ABB,CDT_TACW22::NET_WIFI,GAUTAM BUDDHA NAGAR,1
23R2202E00C0850229,"Ravine Hotels, Wai-Panchgani Road",Delta Electronics,EVPE3225MUN,SATARA,2
TPDC20211003099,Hotel Suba Galaxy Andheri East Charging Station (Green Energy Powered),telluspower,DC30KW,Mumbai,0
TPAC1091,"State bank of India, BKC (Private Charger)",TP,SingleSocketCharger,MUMBAI,1
ALB00125NEW,"Windsor Grande Residences, Andheri West (Private Charger-Green Energy Powered)",EnnarrSoft,ALBATROSS,MUMBAI,0
TPAC458,"Whitefield CHS, Thane West (Private Charger)",TP,SingleSocketCharger,MUMBAI,2
TPDC163921,Hotel Kantara Dine Charging Station,telluspower,DC60KW,RAMANAGAR,2
TPAC176NEW,Taj Puri Resort & Spa Charging Station,TP,SingleSocketCharger,PURI,5
LB25072176,Tata Power - Vikhroli Receiving Station (Green Energy Powered),Lubi,CCS60kW,Mumbai,1
23R2206E00C0850344,Ashutosh Motors Dekargaon,Delta Electronics,EVDE25E4DUM,SONITPUR,0
TPDC20211160050,"Ginger Hotel, Nuagan",telluspower,DC30KW,JAJAPUR,1
TPAC946,Naman Habitat (Private Charger),TP,SingleSocketCharger,MUMBAI,1
TACW740521G0321,Kendo Sales Private Limited (Private Charger),ABB,CDT_TACW7::NET_4G,HOWRAH,1
TPAC2020,"Hotel Zone Connect, Calangute",TP,SingleSocketCharger,NORTH GOA,2
TPAC288NEW,Lodha One Place World One Lower Parel (Private Charger - Green Energy Powered),TP,SingleSocketCharger,Mumbai,1
TPDC20220260702,"Taj Cidade de Goa, Vainguinim Beach",telluspower,DC30KW,NORTH GOA,1
23R2206E00C0850312,IOCL Sri Sai Srinivasa Fs Polamuru,Delta Electronics,EVDE25D4DUM,WEST GODAVARI,1
TPAC206,"Taj Vivanta, Dwarka",WWWW,SingleSocketCharger,NORTH DELHI,2
23R2210E00C0850384NEW,Amrapali Eden Park (Private Charger),Delta Electronics,EVPE3225MUN,GAUTAM BUDDHA NAGAR,1
TPAC038,"Ginger Hotel, Airport Road",TP,SingleSocketCharger,West Tripura,3
00309,"Life Republic, Hingewadi",EnnarrSoft,ALBATROSS,PUNE,0
TPDC20220661055,"Indian Navy, Head Office Building (Private Charger)",telluspower,DC30KW,NORTH DELHI,2
TPDC20220260574,Swapna Lodge and Hotel Ahiran Charging Station,telluspower,DC30KW,MURSHIDABAD,1
23R2206E00C0850257,"Raheja Ridgewood, Goregaon (Private Charger - Green Energy Powered)",Delta Electronics,EVPE3225MUN,Mumbai,1
TPAC067,"Fujitsu Consulting, Sec 63 (Private Charger)",TP,SingleSocketCharger,GAUTAM BUDDHA NAGAR,1
TPAC1070,BARC Vikram Bhavan Anushakti Nagar (Private Charger-Green Energy Powered),TP,SingleSocketCharger,MUMBAI,4
TPDC20211003080NEW,Nestle India Una Charging Station,telluspower,DC30KW,UNA,1
TPDC20220260803,Hotel Royal Awadh Charging Station,telluspower,DC60KW,BARABANKI,2
TPDC20211019040,"Ginger Hotel, Borbari",telluspower,DC30KW,KAMRUP METROPOLITAN,4
TPAC363NEW,972 TPT COY - Transport Company ,WWWW,SingleSocketCharger,SOUTH WEST DELHI,1
TPDC20221061726,Shri HPS Automobile,telluspower,DC30KW,CHURU,1
TPAC847,"Fortune Park Pushpanjali Hotel, City Centre",TP,SingleSocketCharger,BARDHAMAN,11
TPAC033,"Ginger Hotel, Civil Lines",TP,SingleSocketCharger,JAIPUR,1
SI04202513,Electronic City Hub Charging Station,SIEMENS,SICHARGE RC 60,BANGALORE,0
TPDC20210831017NEW,IOCL Aaaditya Petroleum SH73 Naduvath Charging Station,telluspower,DC30KW,MALAPPURAM,1
TPAC709,"Titan Company Limited, Veer Sandra (Private Charger)",TP,SingleSocketCharger,BANGALORE,0
TPDC20211003023,IOCL Sri Chakra Service Station Tikal Road Charging Station,telluspower,DC30KW,Chittoor,1
TPAC1078,"State bank of india, Andheri West (Private Charger)",TP,SingleSocketCharger,MUMBAI,1
TPAC1167,Taj Sats Pallavaram (Private Charger),TP,SingleSocketCharger,KANCHIPURAM,1
TPDC163903,Parking Surya Kund (ADA Parking),telluspower,DC60KW,FAIZABAD,2
23R2229E03A0850937NEW,Emerald Garden (Private Charger),Delta Electronics,EVPE3225MUN,KANPUR NAGAR,1
TPDC163920,The Oberoi Gurgaon Charging Station,telluspower,DC60KW,GURGAON,1
TPAC406,"Taj Lands End, Bandra West (Private Charger)",TP,SingleSocketCharger,MUMBAI,0
23R2229E03A0850959NEW,"Vicinia, Chandivali (Private Charger-Green Energy Powered)",Delta Electronics,EVPE3225MUN,MUMBAI,1
23R2113E0003801534NEW,"Central Park Flower Valley, Project Office (Private Charger)",Delta Electronics,EVPE3225MUN,GURGAON,1
23R2120E0000851689,TML SS Motogen Barwadda Dhanbad Charging Station,Delta Electronics,EVDE25D4DUM,DHANBAD,1
TPAC134,"Emerald Bay, Dwarka Express way (Private Charger)",TP,SingleSocketCharger,GURGAON,3
TPAC508NEW,Guptar Ghat (ADA Parking),TP,SingleSocketCharger,FAIZABAD,1
TPAC688,"N.Rose Developers Pvt Ltd, Dahisar East (Private Charger-Green Energy Powered)",TP,SingleSocketCharger,MUMBAI,1
TPDC20220260505,Taj Vivanta Coimbatore,telluspower,DC30KW,COIMBATORE,2
TPDC20220260863,Kun Hyundai,telluspower,DC,TIRUVALLUR,3
TPDC20211260309,Sky Builders Bilona Charging Station,telluspower,DC30KW,KARNAL,0
TPDC20220260597,Parth Autocars Charging Station,telluspower,DC30KW,PANCH MAHALS,3
TPDC20220961565,Muthoot Automotive Nilamel,telluspower,DC30KW,KOLLAM,1
TPAC1115,"New Town Heights Apartment, Action Area III (Private Charger)",TP,SingleSocketCharger,NORTH 24 PARGANAS,1
23R2116E0003801608,Four Points By Sheraton Hotel,Delta Electronics,EVPE3225MUN,Pune,206
23R2233E03A0851020,"Hotel Trinetar Resort, Padora Enclave",Delta Electronics,EVPE3225MUN,UDHAMPUR,2
TPAC1064,ATS One Hamlet (Private Charger),TP,SingleSocketCharger,GAUTAM BUDDHA NAGAR,1
23R2206E00C0850287NEW,NSEZ UGR (Private Charger),Delta Electronics,EVDE25D4DUM,GAUTAM BUDDHA NAGAR,0
23R2229E03A0850927,"Shree Vinayak CHSL, Dahisar East (Private Charger-Green Energy Powered)",Delta Electronics,EVPE3225MUN,MUMBAI,4
TACW740521G0198,"Lodha iThink - simtools, Chirak Nagar (Private Charger)",ABB,CDT_TACW7::NET_4G,MUMBAI,0
D82410525320011,PALASH CARS PRIVATE Charging Station,EXICOM,HE518741,AJMER,3
TPAC181,"Windsor Grande Residences, Andheri West (Private Charger-Green Energy Powered)",TP,SingleSocketCharger,MUMBAI,1
TPAC520,Anaya Buildcon CHSL (Private Charger-Green Energy Powered),TP,SingleSocketCharger,MUMBAI,1
23R2206E00C0850314NEW,Hotel Sukh Sagar,Delta Electronics,EVDE25E4DUM,JHUNJHUNU,6
23R2150E03A5002544,"Savoy Ooty IHCL SeleQtions, Monterosa Colony",Delta Electronics,CPM123456,NILGIRIS,0
TPAC1103,Gateway Varkala IHCL Seleqtions (Private Charger),TP,SingleSocketCharger,THIRUVANANTHAPURAM,3
23R2240E00C0850786,"Oberoi Realty - Commerz II, Goregaon (Private Charger-Green Energy Powered)",Delta Electronics,EVPE3225MUN,MUMBAI,0
ALB00018,Serene County Gachibowli (Private Charger),Ennarrsoft,BHARAT AC 001,RANGAREDDY,1
TPDC20220260495,HOTEL KAUSHAL INTERNATIONAL CHARGING STATION,telluspower,DC30KW,JALOR,1
TPDC20211260266,IOCL Rajasekhara Petro Mart,telluspower,DC30KW,KRISHNA,1
TPDC20220961522,Hotel Evaay Charging Station,telluspower,DC30KW,VADODARA,0
23R2210E00C0850532,Vatika City Homes Sector 83 Tower A4 (Private Charger),Delta Electronics,EVPE3225MUN,GURGAON,2
23R2210E00C0850451NEW1, The Park lower Parel Charging Station,Delta Electronics,EVDE25E4DUM,MUMBAI,0
TPDC20220761179,"Ginger Hotel, Lucknow",telluspower,DC30KW,LUCKNOW,0
TPAC293,"Rustomjee Garden 6, Matunga East (Private Charger)",TP,SingleSocketCharger,MUMBAI,1
TPAC1185NEW,BEL Ghaziabad CRL (Private Charger),TP,SingleSocketCharger,GHAZIABAD,1
23R2150E00C0852460NEW,"Central Park Flower Valley, Golf Cart D208 (Private Charger)",Delta Electronics,EVPE3225MUN,GURGAON,2
TPAC377,"Raj Granduer, Powai (Private Charger-Green Energy Powered)",TP,SingleSocketCharger,MUMBAI,9
TACW740521G0329,"Lodha Palava 1, iThink B (Private Charger)",Chargedot,CDT_TACW7::NET_4G,Mumbai,0
TPAC265NEW,Jaypee IOCL Klassic Heights (Private Charger),WWWW,SingleSocketCharger,GAUTAM BUDDHA NAGAR,1
23R2150E00C0852468NEW,Taj Resort Guras Kutir Gangtok,Delta Electronics,EVPE3225MUN,EAST SIKKIM,1
TPAC472,"Taj Cidade de Goa, Vainguinim Beach (Private Charger)",TP,SingleSocketCharger,NORTH GOA,1
TPDC20220661046,Cygnett Park Meghna,telluspower,DC30KW,BONGAIGAON,1
23R2206E00C0850297,"Videocon Tower, Jhandewalan",Delta Electronics,EVDE25D4DUM,CENTRAL DELHI,0
TPDC20211003031,Hotel Meridian by Daan Charging Station,telluspower,DC30KW,THIRUVANANTHAPURAM,1
23R2130E0000851805,Zostel Dandeghar Panchghani Charging Station,Delta Electronics,EVDE25D4DUM,SATARA,1
TPDC20220260527,"Hotel Zone Connect, Calangute",telluspower,DC30KW,NORTH GOA,2
DD20513170I0181,"DN WISDOM TREE GLOBAL SCHOOL, Kalinganagar",Exicom,HE513170,KHORDA,1
TPDC20211260088,"Vatika Town Square II, Sector 82",telluspower,DC30KW,GURGAON,2
TPAC945,"Indian Navy, Head Office Building (Private Charger)",TP,SingleSocketCharger,NORTH DELHI,3
23R2230E00C0850755,"Hotel Vidhata Palace, Nawada",Delta Electronics,EVDE25E4DUM,NAWADA,1
TPDC20220761259,Vivanta Dal View Kralsangri Charging Station,telluspower,DC30KW,SRINAGAR,0
TPAC366NEW,Victory House (Private Charger),TP,SingleSocketCharger,MUMBAI,2
TPAC266,Taj Tirupati,TP,SingleSocketCharger,CHITTOOR,0
TPAC003NEW,"Swayam Realtors, Byculla(Private Charger - Green Energy Powered)",TP,SingleSocketCharger,Mumbai,3
TPDC20211019030NEW1,IOCL TIRUMALA AGENCIES Peddapuram,telluspower,DC30KW,EAST GODAVARI,1
23R2142E0000852153NEW,Midway Megh Malhar,Delta Electronics,EVDE25E4DUM,PALI,0
TPDC20211260225NEW,K D HOTEL AND RESTAURANT Charging station,telluspower,DC30KW,AJMER,4
23R2150E00C0852530NEW,NSEZ Office Parking Charging Station,Delta Electronics,EVDE25E4DUM,GAUTAM BUDDHA NAGAR,1
TPDC162638,Surya Mahal NH 12 Charging Station,telluspower,DC60KW,TONK,2
23R2113E0003801527,Axis House Jaypee Green Wish town Sector 128 Charging Station,Delta Electronics,EVPE3225MUN,GAUTAM BUDDHA NAGAR,3
ACHBDCC11240038,RV Panchajanya Kondapur Charging Station,TATA,7.4KW Single gun ,RANGAREDDY,1
TPDC20211260164,"IOCL Vivek Roadways, Hampapuram",telluspower,DC30KW,ANANTHAPUR,2
TPAC463,"Taj The President, Cuffe Parade (Private Charger)",TP,SingleSocketCharger,MUMBAI,1
TPDC20220761186,"Naina Resort, Bahadurpur",telluspower,DC30KW,RAEBARELI,2
23R2116E0000851622,TML Chandrani Enterprises Bogra Bardhman Charging Station,Delta Electronics,EVDE25D4DUM,BARDHAMAN,0
TPDC20211260160,"IOCL COCO EPE Aurangpur, Gautam Budh Nagar",telluspower,DC30KW,GAUTAM BUDDHA NAGAR,3
TPAC1010,Ginger Aurangabad,TP,SingleSocketCharger,AURANGABAD,1
ALB00019,Serene County Gachibowli (Private Charger),Ennarrsoft,BHARAT AC 001,RANGAREDDY,1
TPAC492NEW, BEL Ghaziabad (Private Charger),WWWW,SingleSocketCharger,GHAZIABAD,4
TPDC20220260552,Coastal Grand Hotels and Resorts,telluspower,DC30KW,KANCHIPURAM,1
TPDC162634,Hotel Centrum Charging Station,telluspower,DC60KW,HATHRAS,1
TPDC20220260521,Bridgestone Balaji Tyres Thane,telluspower,DC30KW,MUMBAI,1
TPDC20220761265,Taj Wayanad Resort and Spa Padinjarathara,telluspower,DC30KW,WAYANAD,1
TPDC20220260598,"Vijay Associate, Virar West",telluspower,DC30KW,MUMBAI,1
23R2137E0000852023,Ama Stays Surgi Bungalow Pollibetta(Private Charger),Delta Electronics,EVPE3225MUN,Kodagu,0
23R2210E00C0850385,"Taj Exotica Resort & Spa, Benaulim (Private Charger)",Delta Electronics,EVPE3225MUN,SOUTH GOA,2
TPDC20221061747,Bunty Di Hatti Jaipur Bikaner Road,telluspower,DC30KW,SIKAR,1
23R2126E0000851760,Tata Motors (Shankar Motors),Delta Electronics,EVDE25D4DUM,PATNA,1
TPAC498,Jaika Motors Bhandara,TP,SingleSocketCharger,BHANDARA,1
TPAC307,Hotel Maruti Palace Panjipara,TP,SingleSocketCharger,NORTH DINAJPUR,37
TPDC20211260119,"IOCL Varalaxmi Petroleum Products, Gandepalli",telluspower,DC30KW,EAST GODAVARI,1
TPAC913,Taj Safari Baghvan,TP,SingleSocketCharger,SEONI,4
23R2142E0000852179NEW,The Grand Legacy Mahabaleshwar Charging Station,Delta Electronics,EVDE25E4DUM,SATARA,2
23R2206E00C0850302,"IOCL Eswari Narayana FS, Rajayyapeta Charging Station",Delta Electronics,EVDE25D4DUM,SRIKAKULAM,3
TPDC20211260147,IOCL Sri Sri Sri Parameswara SS Ayyaluru,telluspower,DC30KW,KURNOOL,1
TPDC20220661014NEW1,"TML SAB Motors, Meerut Road",telluspower,DC30KW,GHAZIABAD,1
TPAC236,Taj Vivanta Guwahati (Private Charger),TP,SingleSocketCharger,KAMRUP METROPOLITAN,2
TPDC20220761252,The Manor AT Road,telluspower,DC30KW,JORHAT,2
TPDC20220761202,Hotel Abhashree Betul,telluspower,DC30KW,BETUL,1
TPAC1152,Belmac Residences Kalyani Nagar (Private Charger),TP,SingleSocketCharger,PUNE,0
TPAC922,Serene County Gachibowli (Private Charger),TP,SingleSocketCharger,RANGAREDDY,1
TPAC481,Taj Sawai Madhopur Lodge (Private Charger),TP,SingleSocketCharger,SAWAI MADHOPUR,3
23R2210E00C0850406NEW,VIRAT MIDWAYS AND RESORTS Charging Station,Delta Electronics,EVDE25E4DUM,JAIPUR,1
TPAC910,DLF New Town Heights (Private charger),TP,SingleSocketCharger,ERNAKULAM,2
TPDC20210224008NEW,KVR Dream Vehicles Service Center Iritty,telluspower,DC30KW,KANNUR,1
23R2142E0000852180,Chowk Highway Service Centre,Delta Electronics,EVDE25E4DUM,Mumbai,1
23R2202E00C0850205,"IREO The Grand Arch, Sec 58 (Private Charger)",Delta Electronics,EVPE3225MUN,GURGAON,2
TPDC20220260595,"Taj Fishermanâ€™s Cove Resort & Spa, Chengalpattu",telluspower,DC30KW,KANCHIPURAM,1
KZM010101EE,EMBASSY RESIDENCY APARTMENT OWNERS ASSOCIATION (Private Charger),Kazam,LEVAC_3K3,KANCHIPURAM,2
TPDC20220260852,Ketan Hyundai Charging Station,telluspower,DC,NAGPUR,0
TPDC20220761266,Utsav Hotel and Resort,telluspower,DC30KW,BANSWARA,2
TPDC20211260281,"IOCL Prakash Expressway, Mum-Pune Highway",telluspower,DC30KW,Mumbai,1
TPDC20211260165,IOCL Ganapathy Fs Jaipur,telluspower,DC30KW,MANCHERIAL,0
23R2012E0003800503,Tata Motors (Riya Autolink),Delta Electronics,EVDE25D4DUM,AHMEDABAD,0
23R2210E00C0850442NEW1, The Park lower Parel Charging Station,Delta Electronics,EVDE25E4DUM,MUMBAI,0
TPDC20220661017,Prag Tower Charging Station,telluspower,DC30KW,KAMRUP METROPOLITAN,0
TPDC20220761244,Frontier Motocorp Charging Station,telluspower,DC30KW,SHAHDOL,4
TPDC20210421005NEW,Tata Motors (Malik Cars),telluspower,DC30KW,HYDERABAD,1
23R2230E00C0850764,Mamta hospitality Services Bakhtiyarpur Charging Station,Delta Electronics,EVDE25E4DUM,PATNA,2
EG119900024R0NEW,Vatika One on One Charging Station,Delta Electronics,CPM123456,GURGAON,0
TPAC1452,Mohidin Properties and Holdings (Private charger),TP,SingleSocketCharger,SOUTH GOA,2
TPAC733,"Taj Palace, Sardar Patel Marg (Private Charger)",TP,SingleSocketCharger,SOUTH WEST DELHI,2
TPAC536,Vivanta Dal View Kralsangri Charging Station,TP,SingleSocketCharger,SRINAGAR,1
TPDC20210725010NEW,"MIDC Marol Industries Association,Andheri East",telluspower,DC30KW,MUMBAI,1
TPDC20220260587,"Hotel The Park, Calangute",telluspower,DC30KW,NORTH GOA,2
23R2049E0003801322NEW,Panache Mohania Charging Station,Delta Electronics,EVDE25D4DUM,KAIMUR BHABUA,1
TPAC478,"Dosti Oak, Thane West (Private Charger)",TP,SingleSocketCharger,MUMBAI,0
TPAC374NEW,Fortune Resort Kalimpong,TP,SingleSocketCharger,NORTH 24 PARGANAS,7
23R2142E0000852160,IOCL Engapuzha Fuels SH 29,Delta Electronics,EVDE25D4DUM,KOZHIKODE,1
ZJ3192000107WENEW,"Ginger Hotel, Koramangala",Delta Electronics,EVDE25D4DUM,Bangalore,0
TPAC036,"Ginger Hotel, Nuagan",TP,SingleSocketCharger,JAJAPUR,1
TPDC20220260588NEW,AAOJI Restaurant Charging Station,telluspower,DC30KW,RAMPUR,1
TPDC20211260142,"IOCL Sri Chennakeshava FS, Hyd- Banglore Road",telluspower,DC30KW,ANANTHAPUR,1
TPAC932NEW,Runwal Bliss (Private Charger),TP,SingleSocketCharger,MUMBAI,0
TPAC738NEW1,"Castle Rock, Powai (Private Charger-Green Energy Powered)",TP,SingleSocketCharger,MUMBAI,5
D42410512490002,Aadarsh Kia,Exicom,HE518675,MYSURU,1
LB25072183,Hotel Punjab Junction Charging Station,Lubi,CCS60kW,DHARWAD,4
23R2206E00C0850336NEW,NH16 - Vigson Dhaba,Delta Electronics,EVDE25E4DUM,EAST SINGHBHUM,1
TPDC20220260543,Hotel Kings Osmanabad Charging Station,telluspower,DC30KW,OSMANABAD,1
TPAC452,"Taj Resort & Convention Centre, Vainguinim Beach(Private Charger)",TP,SingleSocketCharger,NORTH GOA,1
TPDC20220961533NEW1,Nestle Patti Kalyana Factory (Private charger),telluspower,DC30KW,PANIPAT,1
ED819600035R0NEW1,NSEZ Office Parking Charging Station,Delta Electronics,CPM123456,GAUTAM BUDDHA NAGAR,1
TPAC462,The Oil and Natural Gas BKC (Private Charger),TP,SingleSocketCharger,MUMBAI,2
23R2142E0000852156NEW,RAJDARWAR RESTAURANT CUM BAR,Delta Electronics,EVDE25E4DUM,NORTH DINAJPUR,2
23R2142E0000852205,Nandi Food Plaza Nalagam palli Charging Station,Delta Electronics,EVDE25E4DUM,Chittoor,2
TPAC1465,Apno Vrindavan Restaurant,TP,SingleSocketCharger,KARAULI,0
TACW740521G0276,Lodha Amara Plot C Kolshet Road (Private-Only for residents),ABB,CDT_TACW7::NET_ETH,Mumbai,0
TPDC20220961581,,telluspower,DC,,0
TPDC201912013,TML Sree Gokulam Motors And Services Edapally,telluspower,DC30KW,ERNAKULAM,2
23R2230E00C0850726,"TML Puneet Auto Sales, Azamgarh",Delta Electronics,EVDE25E4DUM,AZAMGARH,0
TPDC20220761215,Madhav Midway Treat,telluspower,DC30KW,RAISEN,1
TPAC311,"Satya Hive, Sec 102, (Basement 1.) {Free Parking.}",TP,SingleSocketCharger,GURGAON,1
TPAC516NEW,Omkar 1973 Worli (Private Charger-Green Energy Powered),TP,SingleSocketCharger,MUMBAI,0
23R2202E00C0850231,Hotel Hyson Heritage Mavoor Road Junction,Delta Electronics,EVPE3225MUN,KOZHIKODE,1
23R2220E00C0850719,"India Exposition Mart Limited,  Gate No 12 Knowledge Park II ",Delta Electronics,EVDE25E4DUM,GAUTAM BUDDHA NAGAR,1
D82110388160003,"Datson Electronics, Gorhe",Exicom,HE517936,Pune,1
TPDC20211260260,IOCL Gayathri Agro Service Chintalapudi,telluspower,DC30KW,WEST GODAVARI,1
TPDC20210903022NEW,Malipada Beside Nandi filling Charging Station,telluspower,DC30KW,KHORDA,1
BE0725001013T04007,Prestige Shantiniketan Near Tower 5 Charging Station,BelectriQ Mobility,AC01-10W3-3,BANGALORE,2
TPDC20220661070,TML Anand Motoren Chhatarpur,telluspower,DC30KW,CHHATARPUR,2
00692,"Titan Company Limited, Veer Sandra (Private Charger)",EnnarrSoft ,BHARAT AC 001,BANGALORE,1
TPDC20220260509,Taj Vivanta Guwahati,telluspower,DC30KW,KAMRUP METROPOLITAN,2
TPDC20220260539,Govind Midway Treat Charging Station,telluspower,DC30KW,SHAJAPUR,1
TPAC1042,BARC RIM GYM Park Kamet Anushakti Nagar (Private Charger-Green Energy Powered),TP,SingleSocketCharger,MUMBAI,0
DD2410537070005,ILD Trade Center Charging Station (B1 36),EXICOM,HE518660,GURGAON,4
TPAC303,Taj Anandkashi Hospitility Llp (Private Charger),TP,SingleSocketCharger,TEHRI GARHWAL,3
TPAC1001,State bank of India Sector 17A (Private charger),TP,SingleSocketCharger,CHANDIGARH,0
TPDC20211260251NEW,IOCL Janapriya Filling Station Yellandu,telluspower,DC30KW,KHAMMAM,0
TPAC1437,Jaypee Associate Pavillion Heights 4 (Private Charger),WWWW,SingleSocketCharger,GAUTAM BUDDHA NAGAR,1
TPAC165,"Seawoods Estate CHS, Nerul (Private Charger)",TP,SingleSocketCharger,MUMBAI,1
23R2227E03A0850830,Hotel PM INN Nadia,Delta Electronics,EVPE3225MUN,NADIA,23
TPAC1117,Galaxy Beach Resort,TP,SingleSocketCharger,EAST MIDNAPORE,1
TPDC20211160044NEW,IOCL Shanthi Social Services Singanallur  Charging Station,telluspower,DC30KW,COIMBATORE,1
TPAC016,"Ginger Hotel, Salvav",TP,SingleSocketCharger,VALSAD,9
TPAC177,"Windsor Grande Residences, Andheri West (Private Charger-Green Energy Powered)",TP,SingleSocketCharger,MUMBAI,1
TPAC1028,Taj Lake Palace,TP,SingleSocketCharger,UDAIPUR,1
TPDC20211160059NEW,Basant Dhaba Charging Station,telluspower,DC30KW,ROHTAK,1
ALB00037NEW,Nyati Estate Mohammadwadi (Private Charger),EnnarrSoft,BHARAT AC 001,PUNE,0
TPDC20211260221,TML KVR Automotive Perinthalmanna,telluspower,DC30KW,MALAPPURAM,0
TPAC818,"Celestia Spaces, Sewri West (Private Charger-Green Energy Powered)",TP,SingleSocketCharger,MUMBAI,24
TPAC102NEW,L&T Emerald Isle Powai (Private Charger - Green Energy Powered),TP,SingleSocketCharger,Mumbai,2
TPDC20220961553,Black Diamond Hotel And Restaurant,telluspower,DC30KW,NORTH 24 PARGANAS,1
TPDC20220260805,Angel Resort Edan Garden Charging Station,telluspower,DC60KW,JAIPUR,1
TPDC20220761234,Puneet Auto Sales Ballia,telluspower,DC30KW,BALLIA,5
TPAC2005NEW1,Jaypee Klassic KNG-01 Charging Station (Private Charger),WWWW,SingleSocketCharger,GAUTAM BUDDHA NAGAR,2
23R2202E00C0850222,"IREO The Grand Arch, Sec 58 (Private Charger)",Delta Electronics,EVPE3225MUN,GURGAON,2
TPAC049NEW,The Leprosy Mission India,TP,SingleSocketCharger,GAUTAM BUDDHA NAGAR,2
TPAC2011NEW,"Jaypee Associate, Augusta Towers Cluster I (Private Charger)",TP,SingleSocketCharger,GAUTAM BUDDHA NAGAR,1
TPDC20220260532,Mayaban Restaurant Kamalabari,telluspower,DC30KW,MALDA,2
TPDC20220260512,"Hotel Zone Connect, Parra",telluspower,DC30KW,NORTH GOA,1
TPAC2003,"Uttaranchal University, Premnagar Health Care Parking",TP,SingleSocketCharger,DEHRADUN,2
EG119800001R0,"Croma, Jubilee Hills ",Delta Electronics,CPM123456,HYDERABAD,0
23R2142E0000852175,Hotel Green Garden Charging station,Delta Electronics,EVDE25E4DUM,GIRIDH,1
23R2142E0000852164,"Somila Garden, BHILWARA-UDAIPUR HIGHWAY",Delta Electronics,EVDE25E4DUM,BHILWARA,1
TPDC20211260246,IOCL  Vishwambhara,telluspower,DC30KW,WARANGAL,1
TPAC496NEW,L&T Emerald Isle Powai (Private Charger - Green Energy Powered),TP,SingleSocketCharger,Mumbai,1
23R2142E0000852195,Hotel Sapthagiri Holiday Resorts NH140 Charging Station,Delta Electronics,EVDE25E4DUM,Chittoor,2
TPAC533,"Rustomjee Elanza, Malad West (Private Charger-Green Energy Powered)",TP,SingleSocketCharger,MUMBAI,1
23R2142E0000852176,"IOCL Sree Devi Prasad Agencies, Tallapalem",Delta Electronics,EVDE25D4DUM,VISAKHAPATNAM,3
TPAC259,Mapleton Apartments (Private Charger),TP,SingleSocketCharger,KANCHIPURAM,0
TACW740521G0151,"Lodha Altamount, Tardeo (Private Charger)",Chargedot,CDT_TACW7::NET_4G,MUMBAI,0
23R2210E00C0850376,Taj Ramgarh Lodge,Delta Electronics,EVPE3225MUN,JAIPUR,2
TPDC20211260242,"IOCL Lakshmi Ganapati Agencies, Ramachandrapuram",telluspower,DC30KW,EAST GODAVARI,1
TPAC1299,Dhola Maru Resort,TP,SingleSocketCharger,KOTA,1
TPAC433,Tata Power Dharavi Receiving Private Station (Green Energy Powered),TP,SingleSocketCharger,Mumbai,0
D22110360720015,TML Lexus Motors New Town Kolkata Charging Station,Exicom,HE518216,NORTH 24 PARGANAS,1
TPAC487,"Whitefield CHS, Thane West (Private Charger)",TP,SingleSocketCharger,MUMBAI,0
TPAC1029,Jaypee Associate Klassic A3 (Private Charger),TP,SingleSocketCharger,GAUTAM BUDDHA NAGAR,2
TPDC20220761191,"Babu Restaurant, Pachrukhi",telluspower,DC30KW,SIWAN,7
TPDC20220761189NEW,Taj Hotel at Ambuja City Centre,telluspower,DC30KW,PATNA,1
TPDC20220961600,Riddhi Siddhi Hotel and Bar,telluspower,DC30KW,JAIPUR,1
TPDC20220260615,Sterling Motors Kedgaon,telluspower,DC30KW,AHMED NAGAR,1
TPDC20220260489,"The Panache Banquets, Danapur Khagoul Road",telluspower,DC30KW,Patna,4
TPDC20211260140,"IOCL Adabala Filling Station, Palakollu",telluspower,DC30KW,WEST GODAVARI,1
TPAC720,"Celestia Spaces, Sewri West (Private Charger-Green Energy Powered)",TP,SingleSocketCharger,MUMBAI,0
DD2410537070002,ILD Trade Center Charging Station (B1 36),EXICOM,HE518660,GURGAON,0
TPAC031,Ginger Hotel Bistupur Main Road,TP,SingleSocketCharger,EAST SINGHBHUM,1
TPAC1506,Supreme Mega Construction-Elenor (Private Charger),TP,SingleSocketCharger,MUMBAI,1
23R2210E00C0850447,Ardee Mall (2Hrs Free Parking),Delta Electronics,EVDE25E4DUM,GURGAON,1
TPAC1455,The Tollygunge Club (Private Charger),TP,SingleSocketCharger,NORTH DINAJPUR,1
TPDC20220661013,Hotel Amber Charging Station,telluspower,DC30KW,AHMEDABAD,2
KZM0101016E,Casa Grand Aristo Charging Point,Kazam,LEVAC_3K3,KANCHIPURAM,1
23R2116E0000851624,Tata Motors (Orange Auto),Delta Electronics,EVDE25E4DUM,HYDERABAD,1
TPAC1092,State bank of India Guwahati (Private Charger),TP,SingleSocketCharger,KAMRUP METROPOLITAN,2
23R2144E0000852229,Sluice House Lonavala (Private Charger),Delta Electronics,EVPE3225MUN,Pune,0
ZJ3200900024WE,TML Marina Motors Pantheerankavu Charging Station,Delta Electronics,EVDE25D4DUM,KOZHIKODE,3
TPAC519,Serene County Gachibowli (Private Charger),TP,SingleSocketCharger,RANGAREDDY,1
TPDC20220961526,Ginger Sanand Charging Station,telluspower,DC30KW,AHMEDABAD,3
23R2210E00C0850412,Rotana Motors Kuttiadi Charging station,Delta Electronics,EVDE25E4DUM,KOZHIKODE,0
TPDC20220761242,Hotel Galaxy Bhusawal,telluspower,DC30KW,JALGAON,1
TPAC059,Wintergreen CHSL CCI Rivali Park (Private Charger - Green Energy Powered),TP,SingleSocketCharger,Mumbai,1
23R2142E0000852173,Hotel Pravin,Delta Electronics,EVDE25E4DUM,Mumbai,1
BE0924001013T04001,Bluegrass Residences (Private Charger),BelectriQ Mobility,AC01-10W3-3,PUNE,2
TPDC20220761200,Ginger Aurangabad,telluspower,DC30KW,AURANGABAD,0
TPDC20210224007,IOCL Chengampalli,telluspower,DC30KW,SIVAGANGA,1
23R2003E01A0850027NEW,Vatika One on One Charging Station,Delta Electronics,CPM123456,GURGAON,1
TPDC20220961534,Southern Star Bangalore,telluspower,DC30KW,BANGALORE,1
TPAC346,Omkar 1973 Worli (Private Charger-Green Energy Powered),TP,SingleSocketCharger,MUMBAI,0
23R2210E00C0850439,IOCL Divyasai Tadipatri,Delta Electronics,EVDE25D4DUM,ANANTHAPUR,1
TPDC20220260507,MidWay Point Family Restaurant Charging Station,telluspower,DC,MUZAFFARNAGAR,0
TPDC162660,Trident Gurgaon Charging Station,telluspower,DC60KW,GURGAON,0
TPDC162637,Goyal Motel And Resort Charging Station,telluspower,DC60KW,CHURU,0
D92310484540001,Pratap Autocom Jhotwara,EXICOM,HE518407,JAIPUR,2
TPAC735,"N.Rose Developers Pvt Ltd, Dahisar East (Private Charger-Green Energy Powered)",TP,SingleSocketCharger,MUMBAI,4
TPDC20220260493,"Pavillion Mall, Old Session Court Road",telluspower,DC30KW,LUDHIANA,0
D22110360720016,IOCL ShilpoSree Filling Alipore Charging Station,Exicom,HE518216,Kolkata,0
TPAC502NEW,Jaswanti Gold Malad (Private Charger),TP,SingleSocketCharger,MUMBAI,0
TPDC20220961605,,telluspower,DC,,0
TPAC381,"Taj Fishermanâ€™s Cove Resort & Spa, Chengalpattu (Private Charger)",TP,SingleSocketCharger,KANCHIPURAM,1
23R2048E0003801365,Ardee Mall (2Hrs Free Parking),Delta Electronics,EVPE3225MUN,GURGAON,3
23R2206E00C0850242,"Vatika Lifestyle homes, Sector 83 (Private Charger)",Delta Electronics,EVPE3225MUN,GURGAON,2
TPDC20220260606,Heena Highway Restaurant NH31,telluspower,DC30KW,DARJILING,1
TPAC684,"Indian Navy, Head Office Building (Private Charger)",TP,SingleSocketCharger,NORTH DELHI,2
TPAC1006,Jaypee Associate Pavilion Court Tower 3 (Private Charger),TP,SingleSocketCharger,GAUTAM BUDDHA NAGAR,2
23R2130E0000851794,Gomati Dhaba and Guest House Charging station,Delta Electronics,EVDE25D4DUM,MAINPURI,1
KZM01010136,SR EV Fast Charging Hub,Kazam,LEVAC_3K3,LUCKNOW,1
23R2003E0000850008,Tata Motors (Tejaswi Motors),Delta Electronics,EVDE25D4DUM,HYDERABAD,1
D62410519350037,Tata.ev Hyson motors Thrissur,EXICOM,HE518847,THRISSUR,0
ALB00035,State Bank of India Arera Hills (Private Charger),EnnarrSoft,BHARAT AC 001,BHOPAL,5
TPDC201912008,"TML Roshan Motor, Adarsh Nagar",telluspower,DC30KW,JAIPUR,0
TPDC20211260091,"IOCL Raja Rajeswari Fs, Jogipet",telluspower,DC30KW,SANGAREDDY,1
23R2210E00C0850472NEW1, The Park lower Parel Charging Station,Delta Electronics,EVDE25E4DUM,MUMBAI,0
TPDC20220761205,"Brij Wheel Motors, Jain Mandir",telluspower,DC30KW,BHARATPUR,5
DN2010343440001NEW,Thekkady Food Court,Exicom,HE518216,IDUKKI,2
TPAC459NEW,"Taj Madikeri Resort & Spa, Madikeri (Private Charger)",TP,SingleSocketCharger,ATHANI,2
TPAC1176,Nirlon Limited Cama Industrial Estate (Private Charger),TP,SingleSocketCharger,MUMBAI,7
TPDC20220961509,Sher Bengal Hotels Mandarmani,telluspower,DC30KW,EAST MIDNAPORE,1
23R2142E0000852166,Vilux Theater Charging Station,Delta Electronics,EVDE25E4DUM,Pune,1
TPAC703NEW,Amaltas Residents Welfare (Private Charger),TP,SingleSocketCharger,JAIPUR,1
LB25052094,Shri Om Hospital Bariyarpur,Lubi,CCS30kW,SITAMARHI,0
23R2230E00C0850757,Kusumnath Automobiles NH 83 Gaya Bodhgaya Rd,Delta Electronics,EVDE25E4DUM,GAYA,1
TPDC20220761243,Dolphin Club and Resort NH 33,telluspower,DC30KW,EAST SINGHBHUM,1
TPAC030,"Seawoods Estate Ltd, Gate No-2 Seawoods (Private - Only for residential)",TP,SingleSocketCharger,Mumbai,1
TPDC20220260463,IOCL Valley View,telluspower,DC30KW,SRINAGAR,1
23R2210E00C0850521,"Vatika Mindscape, Mathura Road(Parking in B3)",Delta Electronics,EVPE3225MUN,FARIDABAD,2
TPDC20220260467NEW1,"Hotel Dera Basi Dhaba, Shahpur",telluspower,DC30KW,SULTANPUR,3
TPDC20220260555,TML Lankeswari Motors Pardhiapalli Sambalpur,telluspower,DC30KW,SAMBALPUR,0
TPDC20220761194,Mac Vehicles Akola Charging Station,telluspower,DC30KW,AKOLA,0
23R2126E0000851780NEW,TML Gola Ganpati Motors Haldwani  Charging Station,Delta Electronics,EVDE25D4DUM,NAINITAL,1
23R2130E0000851787,"MG Bellad Enterprises, PB Road",Delta Electronics,EVDE25D4DUM,Dharwad,1
TPDC20220260700,"Hotel Celebration Van Vilas, Kanha Mocha",telluspower,DC30KW,MANDLA,1
D22110360720008NEW,IOCL National Service Center NH 7,Exicom,HE518216,NAGPUR,3
TPDC20211003033,Goyal Coal Sizing Pendridih Charging Station,telluspower,DC30KW,BILASPUR,1
TPDC20220260806,Aaditya's Midway Restaurants and Hall,telluspower,DC60KW,CHHINDWARA,2
TPDC20220260678,Archiverde Flourishing Fields,telluspower,DC30KW,AHMED NAGAR,1
TPDC20220961546,Padav Family Restaurant Charging Station,telluspower,DC30KW,RANCHI,1
TPAC398,"Taj Fishermanâ€™s Cove Resort & Spa, Chengalpattu (Private Charger)",TP,SingleSocketCharger,KANCHIPURAM,1
LB25072180,Joshi Wadewale Renuka Foods Mahad Charging station,Lubi,CCS60kW,RAIGAD,2
SI04202504,Electronic City Hub Charging Station,SIEMENS,SICHARGE RC 60,BANGALORE,0
TPAC454,"Taj Bengal, Alipore (private Charger)",TP,SingleSocketCharger,KOLKATA,1
23R2240E00C0850784,"Centrum Plaza, Sec 53 (Private Charger)",Delta Electronics,EVPE3225MUN,GURGAON,3
T54HVIT12122262,Wave One Sector 18 Charging Station (7th Floor),ABB,MD_HVC_CAR,GAUTAM BUDDHA NAGAR,1
TPAC724,"Celestia Spaces, Sewri West (Private Charger-Green Energy Powered)",TP,SingleSocketCharger,MUMBAI,6
23R2003E01A0850031NEW1,"TML SAB Motors, Meerut Road",Delta Electronics,CPM123456,GHAZIABAD,1
23R2230E00C0850750,Hotel Hindustani Hyderabad Road,Delta Electronics,EVDE25E4DUM,YAVATMAL,3
TPDC20211260084,Bijjargi Motors Charging Station,telluspower,DC30KW,BAGALKOT,1
TACW740521G0331,"Lodha Business Park, Amara MLCP (Private-Only for residents)",Chargedot,CDT_TACW7::NET_4G,Mumbai,4
TPAC807,"N.Rose Developers Pvt Ltd, Dahisar East (Private Charger-Green Energy Powered)",TP,SingleSocketCharger,MUMBAI,1
23R2206E00C0850332,Ananya Auto Agency NH 77 Hajipur,Delta Electronics,EVDE25E4DUM,VAISHALI,1
TPDC20210114010NEW,IOCL Pattathuvila Fuels Kadappakada kollam Charging Station,telluspower,DC30KW,KOLLAM,0
TPDC20211003089,Lalit Jena Site Panikoili Charging Station,telluspower,DC30KW,JAJAPUR,2
TPDC162632,Trident Bhubaneshwar Charging Station,telluspower,DC60KW,KHORDA,2
TPAC342NEW,Glendale CHSL (Private Charger),TP,SingleSocketCharger,MUMBAI,3
23R2233E03A0851025,Mamta Food Plaza Bakhtiyarpur Charging Station,Delta Electronics,EVPE3225MUN,PATNA,2
TPDC20220260553,"Hotel Celebration, Devendra Nagar",telluspower,DC30KW,RAIPUR,4
DN2010343440002,Bikanerwala Kukrola Panchgaon Gurugram Charging Station,Exicom,HE518216,GURGAON,3
TPDC20220260847NEW,Sangam Hotel Karad Charging Station,telluspower,DC60KW,SATARA,1
TPDC20220761262,Sairam Automobiles Services Pvt Ltd NH6,telluspower,DC30KW,RAJNANDGAON,1
TPDC20220761270NEW,Hotel Narmada NH 3 Charging Station,telluspower,DC30KW,NASHIK,1
23R2206E03A5000002,"Burger King, Tathawade",Delta Electronics,CPM123456,PUNE,1
23R2202E00C0850217,"IREO The Grand Arch, Sec 58 (Private Charger)",Delta Electronics,EVPE3225MUN,GURGAON,2
TPDC20220260646,TML Kun cars Mettupalayam road,telluspower,DC30KW,COIMBATORE,2
00408,"Trendset Grande RWA, Block A (Private Charger)",Ennarrsoft,BHARAT AC 001,HYDERABAD,3
TPDC20210903001,Tata Motors (SRM Motors),telluspower,DC30KW,LUCKNOW,4
TPAC312,Taj Vivanta Guwahati (Private Charger),TP,SingleSocketCharger,KAMRUP METROPOLITAN,2
TPDC163918,One Stop Automotive Charging Station,telluspower,DC60KW,MALAPPURAM,1
TPAC173NEW,Oberoi Gardens CHSL (Private Charger),TP,SingleSocketCharger,MUMBAI,0
D22110360720001,"Datson Electronics, Gorhe",Exicom,HE518216,Pune,1
23R2005E0000850206,Hotel Sapthagiri Holiday Resorts NH140 Charging Station,Delta Electronics,EVPE3225MUN,Chittoor,2
TACW745221G4714,Daspalla Hotels Suryabagh Charging Station,ABB,CDT_TACW7::NET_4G,VISAKHAPATNAM,1
TPAC412,Taj Wellington Mews (Private Charger),TP,SingleSocketCharger,CHENNAI,1
23R2230E00C0850753,"Mishra's Restaurant (Opposite Durgapur Airport Gate, Nh-2) ",Delta Electronics,EVDE25E4DUM,BARDHAMAN,1
TACW742322G9565NEW,,ABB,CDT_TACW7::NET_4G,,0
TPDC162630,Audi Raipur Charging Station,telluspower,DC60KW,RAIPUR,4
TPDC20211260100,"IOCL Garine Koteswara Rao & Co, Kodada",telluspower,DC30KW,SURYAPET,2
23R2126E0000851776,Tata Motors (Shree Balaji Autowheels),Delta Electronics,EVDE25D4DUM,MORADABAD,6
TPAC437,IREO Victory Valley Tower B (Private Charger),TP,SingleSocketCharger,GURGAON,4
TPAC1165,"Rustomjee Paramount, Khar West (Private Charger - Green Energy Powered)",TP,SingleSocketCharger,Mumbai,2
TPDC20211260106,"IOCL SAI RATNA RO,DVK ROAD",telluspower,DC30KW,NALGONDA,3
TPDC20220260745NEW,"Taj Vivanta Vijayawada, MG Road",telluspower,DC60KW,KRISHNA,1
TPAC528,Serene County Gachibowli (Private Charger),TP,SingleSocketCharger,RANGAREDDY,1
TPDC20211260265,"Hotel Le ROI, Corbett",telluspower,DC30KW,NAINITAL,1
23R2238E03A0851125NEW,"Central Park Flower Valley, F129 (Private Charger)",Delta Electronics,EVPE3225MUN,GURGAON,2
TPAC2004NEW,BPTP Visionnaire Villa (Private Charger),TP,SingleSocketCharger,GURGAON,1
23R2142E0000852187,TML Trupti Automotives NH 16 Charging Station,Delta Electronics,EVDE25E4DUM,CUTTACK,1
23R2137E0000851992,Ama Stays Glenlorna Bungalow Hudikeri(Private Charger),Delta Electronics,EVPE3225MUN,Kodagu,4
23R2120E0000851680,TML Lexican Motors Matigara Siliguri Charging Station,Delta Electronics,EVDE25D4DUM,WEST MIDNAPORE,1
EG119900015R0NEW,IOCL- Shri Hari Laxmi Fuels Farukhnagar Charging Station,Delta Electronics,CPM123456,GURGAON,1
TPAC446,"Avanti Niketan CHSL, Sion (Private Charger)",TP,SingleSocketCharger,MUMBAI,0
TPDC20220260773NEW,Carnation Greens Pathankot Charging Station,telluspower,DC60KW,PATHANKOT,1
23R2146E0000852299NEW,TML Dion Automotive  Batamangala Charging Station,Delta Electronics,EVDE25E4DUM,PURI,1
ZJ3201100033WE,"TML Panchjanya Motors, Chinchwad ",Delta Electronics,EVDE25D4DUM,Pune,2
KZM01010149,RV Panchajanya Kondapur Charging Station,Kazam,LEVAC_3K3,RANGAREDDY,1
TPAC268,L & T Crescent Bay (Private charger),TP,SingleSocketCharger,MUMBAI,2
TPDC162644,Oasis Ventures NH 16 Charging Station,telluspower,DC60KW,NELLORE,3
ZJ3201200070WENEW,Kalinga Tavern Residency Hatna Charging Station,Delta Electronics,EVDE25D4DUM,MANDYA,1
TPDC20220761250,"Progressive Automobiles, Agartala",telluspower,DC30KW,WEST TRIPURA,1
KZM010101BE,RV Panchajanya Kondapur Charging Station,Kazam,LEVAC_3K3,RANGAREDDY,1
TPAC245,L & T Crescent Bay (Private charger),TP,SingleSocketCharger,MUMBAI,0
TPDC20220260814NEW,Vana Vihar Resort Charging Station,telluspower,DC60KW,CHAMRAJNAGAR,0
TPAC1068NEW,Rishita Mulberry heights (Private Charger),TP,SingleSocketCharger,LUCKNOW,1
23R2229E03A0850940,Whispering Heights Condominium (Private Charger-Green Energy Powered),Delta Electronics,EVPE3225MUN,MUMBAI,1
LB25062118,Shri Siddivinayak Sarvodaya Charging Station,Lubi,CCS60kW,JAUNPUR,2
TPDC20220961524,Ginger Pune Pimpri,telluspower,DC30KW,PUNE,1
TPDC20220260668NEW,NH-9 Factory Outlet Charging Station,telluspower,DC30KW,SIRSA,2
23R2110E0000851471,Spectra Building Powai (Green Energy Powered),Delta Electronics,EVDE25D4DUM,Mumbai,2
TPAC480,"Taj Cidade de Goa, Vainguinim Beach (Private Charger)",TP,SingleSocketCharger,NORTH GOA,116
23R2126E0000851752,TML Manickbag Automobiles Udyambag Belgaum Charging Station,Delta Electronics,EVDE25E4DUM,BELAGAVI,1
23R2210E00C0850440,Hotel Hyson Heritage Mavoor Road Junction,Delta Electronics,EVDE25D4DUM,KOZHIKODE,1
TPAC902,"Vivanta By Taj, Surajkund",TP,SingleSocketCharger,FARIDABAD,1
DD1751321000007,TDI Business Centre Mohali,Exicom,HE513170,MOHALI,1
TPAC141,"Panom Developers, Vile Parle East (Private Charger-Green Energy Powered)",TP,SingleSocketCharger,MUMBAI,0
TPDC20220260645NEW,Nestle India Una Charging Station,telluspower,DC30KW,UNA,1
TPAC804,Lodha Bella Vita (Private Charger),TP,SingleSocketCharger,PUNE,2
TPDC20211003086,Gulshan Dhaba Kosi Kalan Charging Station,telluspower,DC30KW,MATHURA,1
TPDC20220961518,Hotel Deepak Frazergunj,telluspower,DC30KW,SOUTH 24 PARGANAS,1
LB25041733,Nayara Petroleum Shri Gajanan Petroleum Pvt. Ltd Charging station,Lubi,CCS60kW,HINGOLI,4
TPAC270NEW1,Head Quarter Delhi - Inside Parking (Private Charger),WWWW,SingleSocketCharger,SOUTH WEST DELHI,1
TPAC447,"Taj Lands End, Bandra West (Private Charger)",TP,SingleSocketCharger,MUMBAI,0
TPAC1180,Nirlon Limited Cama Industrial Estate (Private Charger),TP,SingleSocketCharger,MUMBAI,0
23R2229E03A0850954NEW,Lotus Logistics (Private Charger),Delta Electronics,EVPE3225MUN,MUMBAI,2
TPDC20211019038NEW,TML Sree Venkateswara Motors Dasnapur Charging Station,telluspower,DC30KW,ADILABAD,0
23R2208E03A5000005NEW,Fun & Food Carnival NH 58 Charging Station,Delta Electronics,CPM123456,MUZAFFARNAGAR,1
TPAC942,"Taj Palace, Sardar Patel Marg (Private Charger)",TP,SingleSocketCharger,SOUTH WEST DELHI,1
TPAC916,"Titan Company Limited, Veer Sandra (Private Charger)",TP,SingleSocketCharger,BANGALORE,0
ALB00098,Upavan CHSL (Private Charger),EnnarrSoft,BHARAT AC 001,MUMBAI,1
TPDC20220260510,Taj Vivanta Guwahati,telluspower,DC30KW,KAMRUP METROPOLITAN,1
23R2230E00C0850745NEW,Express Trade Towers 2,Delta Electronics,EVDE25E4DUM,GAUTAM BUDDHA NAGAR,1
TPDC20220661035,Sugar N Spice Charging Station,telluspower,DC30KW,SURENDRA NAGAR,2
TPDC20220661050,Ujwal Automotives Charging Station,telluspower,DC30KW,NANDURBAR,1
D12010310600012,"Croma, Kompally",Exicom,HE518216,HYDERABAD,0
23R2146E0000852294,PPS Motors Punganur,Delta Electronics,EVDE25E4DUM,TIRUCHIRAPPALLI,0
TPAC120NEW,Arkade Crown Vitthal Mandir CHSL (Private Charger),TP,SingleSocketCharger,MUMBAI,0
TPDC20220260788,Radhey Krishan Hotel Udaipuria Charging Station,telluspower,DC60KW,JAIPUR,1
TPDC20211160063NEW,Mangal Grand Hotel,telluspower,DC30KW,AJMER,2
23R2142E0000852161NEW,Tata Motors (First Mobital),Delta Electronics,EVDE25E4DUM,JAIPUR,0
TPDC20211019032NEW,IOCL Modern Fuel,telluspower,DC30KW,ANANTHNAG,2
23R2210E00C0850359,IOCL  Paluri Venkataraman Tuni,Delta Electronics,EVDE25E4DUM,EAST GODAVARI,4
D62110380280006NEW,Luttur Motel Charging Station,Exicom,Test_ChargeModel,JAUNPUR,1
TPDC20220260573,Taj MG Road Sivanchetti Gardens,telluspower,DC30KW,BANGALORE,1
TPDC20211160046,"Samal Equip, Nuahata",telluspower,DC30KW,ANGUL,1
TPAC842,Tatsaraasa Resort & Spa,TP,SingleSocketCharger,UDAIPUR,11
TPDC20220661031,"Hotel Sayaji pune, Wakad",telluspower,DC30KW,PUNE,1
23R2202E00C0850058NEW1,Super Tyre Bridgestone Select Shirur,Delta Electronics,EVDE25D4DUM,PUNE,2
TPDC20220761190,Sanaka Educational Trust Kansa,telluspower,DC30KW,BARDHAMAN,0
TPDC20220260789NEW,Hotel Pranav Veg Charging Station,telluspower,DC60KW,CHIKKABALLAPUR,1
23R2206E00C0850338,"IOCL SRI DURGA MATA, Nalgonda Mandal",Delta Electronics,EVDE25E4DUM,NALGONDA,2
23R2130E0000851798,Pacific Mall Rajpur Road Dehradun Charging Station,Delta Electronics,EVDE25D4DUM,DEHRADUN,2
TPAC1017,Taj Lake Palace,TP,SingleSocketCharger,UDAIPUR,1
S0224DC000471,Jaika Kia,STATIQ,StatiqDCV4-471,NAGPUR,1
D32110363790001NEW,Yamuna Expressway LHS 35 KM Charging Station,Exicom,HE518118,BULANDSHAHR,1
23R2137E0000851975,Ama StaysArbidacool Bungalow Chikkamagaluru(Private Charger),Delta Electronics,EVPE3225MUN,CHICKMAGALUR,1
SI04202503,Electronic City Hub Charging Station,SIEMENS,SICHARGE RC 60,BANGALORE,3
23R2240E00C0850810,"Vicinia, Chandivali (Private Charger-Green Energy Powered)",Delta Electronics,EVPE3225MUN,MUMBAI,2
TPDC20220661048NEW,Hotel Greenland Towers Rupnarayanpur Charging Stations,telluspower,DC30KW,WEST MIDNAPORE,1
TPAC911,"N.Rose Developers Pvt Ltd, Dahisar East (Private Charger-Green Energy Powered)",TP,SingleSocketCharger,MUMBAI,1
TPDC20220260592,Varenyam Motors Hoshangabad Rd Charging Station,telluspower,DC30KW,BHOPAL,1
TPAC1201,Vivanta Hinjewadi Charging Station,TP,SingleSocketCharger,PUNE,2
TPAC828NEW,Lodha One Place World Crest Lower Parel (Private Charger - Green Energy Powered),TP,SingleSocketCharger,Mumbai,5
TPAC044NEW,Vatika One on One Charging Station,TP,SingleSocketCharger,GURGAON,0
TPDC20220761235,Hotel The Royal Crown Lucknow Road,telluspower,DC30KW,RAEBARELI,0
00667NEW,Jaypee Greens Klassic Arcade ,EnnarrSoft,ALBATROSS,GAUTAM BUDDHA NAGAR,1
TPAC1090,Taj Corbett Resort & Spa,TP,SingleSocketCharger,NAINITAL,3
TPDC20220260652,Arrival Hotels Charging Station,telluspower,DC30KW,HYDERABAD,0
TPDC20220260508,IOCL Hâ€™Pur Lorry Owner Assn Charging Station,telluspower,DC30KW,ANANTHAPUR,1
TPAC235,Seven Leisure Club Charging Station,TP,SingleSocketCharger,AHMEDABAD,1
23R2228E03A0850901NEW,The Vilas Condominium (Private Charger),Delta Electronics,EVPE3225MUN,GURGAON,1
23R2137E0000852003,Ama Stays La Quinta Saipem Hills (Private Charger),Delta Electronics,EVPE3225MUN,NORTH GOA,2
TPDC20220961513,Ideal dealers PV Pvt Ltd,telluspower,DC30KW,MUZAFFARPUR,1
ZJ3201100031WE,Sangam Hotel Karad Charging Station,Delta Electronics,EVDE25D4DUM,SATARA,1
TPDC20220260500NEW,TML Sayar Aautomotive,telluspower,DC30KW,VELLORE,2
TPAC069,"Fujitsu Consulting, Navallur (Private Charger)",TP,SingleSocketCharger,KANCHIPURAM,1
TPDC20211260163NEW,The Leprosy Mission India,telluspower,DC30KW,GAUTAM BUDDHA NAGAR,2
TPDC20220761207,GAIL Software Park Charging Station,telluspower,DC30KW,BANGALORE,1
23R2116E0000851621,TML Utkarsh Mototech Assam Trunk Rd Guwahati Charging Station,Delta Electronics,EVDE25D4DUM,KAMRUP METROPOLITAN,1
TPAC1098,Belvedere Court Condomonium (Private Charger-Green Energy Powered),TP,SingleSocketCharger,MUMBAI,3
TPDC20220260739NEW,Hotel Holiday Fun Resort Charging Station,telluspower,DC30KW,JAIPUR,2
23R2146E0000852300,Trupti Automotives Angul Charging Station,Delta Electronics,EVDE25E4DUM,ANGUL,1
TPDC20220961514,Maa Hotel Deori Charging Station,telluspower,DC30KW,RANCHI,1
TPAC517,"Aurum Platz Condominium, Marine Drive (Private Charger)",TP,SingleSocketCharger,MUMBAI,1
TPAC1239,GHCL Block B Sector 1 (Private Charger),TP,SingleSocketCharger,GAUTAM BUDDHA NAGAR,2
TPDC20220260733,Tristar Auto Amal College,telluspower,DC30KW,VISAKHAPATNAM,1
TPDC20220260697,"Hotel Golden Park, Narayanpur",telluspower,DC30KW,MALDA,6
00673,Skyline Foundation Kodimatha (Private Charger),EnnarrSoft ,BHARAT AC 001,KOTTAYAM,1
TPAC046,"Vatika Market Place I, Sector 84 ",TP,SingleSocketCharger,GURGAON,3
23R2202E00C0850041,"Residentail Rustomjee Oriana, Bandra East (Private Charger)",Delta Electronics,EVPE3225MUN,Mumbai,107
TPDC20220761208,Taj Corbett Resort & Spa,telluspower,DC30KW,NAINITAL,0
TPDC20220260844,Aditya Hyundai,telluspower,DC60KW,KHORDA,2
TPDC20211260301,"Novotel, Gomti Nagar",telluspower,DC30KW,LUCKNOW,2
TPDC20221061736,Fateh Pratap Hotel Ramnagar,telluspower,DC30KW,PALI,1
TPDC20220260824,Rustams Strawberry Inn Panchgani Charging Station,telluspower,DC60KW,SATARA,1
TPAC1468,Supreme Towers,TP,SingleSocketCharger,GAUTAM BUDDHA NAGAR,0
TPDC20220260655,"Bloom Suites, Electronics City",telluspower,DC30KW,BANGALORE,0
TPAC011,Misty Mountain Teyla Peermade Charging Station,TP,SingleSocketCharger,IDUKKI,4
TPDC20220260580,"Fortune Park Hotel, Gautam Nagar",telluspower,DC30KW,KHORDA,1
23R2206E00C0850298NEW,IOCL Tyagi Brothers Filling Charging Station,Delta Electronics,EVDE25D4DUM,GAUTAM BUDDHA NAGAR,1
TPAC1224NEW,Platinum Casa Millennia (Private Charger),TP,SingleSocketCharger,MUMBAI,1
TPDC20211260155,IOCL K Krishnarjuna Rao,telluspower,DC30KW,KOTHAGUDEM COLLS,2
BE0725001013T04012,Vaishnavi Terrace (Private Charger),BelectriQ Mobility,AC01-10W3-3,BANGALORE,0
TPDC162636,Birwa Hotel Nelyadi Charging Station,telluspower,DC60KW,DAKSHINA KANNADA,2
23R2120E0000851686,MG Ranchi Line Tank Road Charging Station,Delta Electronics,EVDE25E4DUM,RANCHI,0
TPAC1192,Wave One Sector 18 Charging Station (7th Floor),TP,SingleSocketCharger,GAUTAM BUDDHA NAGAR,0
ZJ3210400009WE,Highway Hotel Baba Ramdev Vera Vilpur Sirohi Charging Station,Delta Electronics,EVDE25D4DUM,SIROHI,0
23R2206E00C0850241,"Vatika Lifestyle homes, Sector 83 (Private Charger)",Delta Electronics,EVPE3225MUN,GURGAON,2
23R2120E0000851665,TML Dion Automotives NH 16 Bypass Road Charging Station,Delta Electronics,EVDE25D4DUM,GANJAM,1
TPDC20220961543,Click Hotel Tulsi,telluspower,DC30KW,JAMNAGAR,1
23R2210E00C0850463,"HPCL Venkateswara Fuels, Link Road",Delta Electronics,EVDE25E4DUM,SOLAPUR,0
T54IT12919053,"Marqland Popular Auto Works,Venkatala Charging Station",ABB,MD_HVC_CAR,BANGALORE,1
TPAC1130,Blue Ridge Unit B CHSL Hingewadi (Private Charger),TP,SingleSocketCharger,PUNE,1
23R2005E0000850119,"Dhoot Time Residency, Sec-63 (Private charger)",Delta Electronics,EVPE3225MUN,GURGAON,1
TPDC20211003059,Gokulam Towers RO Junction,telluspower,DC30KW,KOLLAM,1
TACW743121G1719,"Jai Vijay CHS, Andheri East (Private Charger - Green Energy Powered)",Chargedot,CDT_TACW7::NET_4G,Mumbai,0
TPDC20211260237,"IOCL - Sri Vyshnavi Service Station, Sattupalli",telluspower,DC30KW,KOTHAGUDEM,0
TPDC20220260496NEW,RKL MOTORS Kasya Padrauna Charging Station,telluspower,DC30KW,KUSHINAGAR,1
TPDC20220260664,Sandipa Hotel and Restaurant Kolaghat,telluspower,DC30KW,EAST MIDNAPORE,2
TPAC1128,Tata Motors Plant Chikhali (Private Charger),TP,SingleSocketCharger,PUNE,0
TPAC1206,Kalpataru Paramount Kapurbawdi,TP,SingleSocketCharger,MUMBAI,4
TPAC410,Taj Wellington Mews (Private Charger),TP,SingleSocketCharger,CHENNAI,1
TPAC386,"Taj Bekal, Thekkekara (Private Charger)",TP,SingleSocketCharger,KASARAGOD,3
TPAC286,Gurugram Realtech Sec 72 Near Tower A Charging Station,WWWW,SingleSocketCharger,GURGAON,79
210421710015NEW,Hotel Anant Bhog Ajgain,EXICOM,HE518408,UNNAO,1
23R2210E00C0850348,TML Sree Gokulam Motors Thodupuzha,Delta Electronics,EVDE25E4DUM,IDUKKI,2
23R2142E0000852202NEW,Saguna Baug Agro Tourism Resort Karjat Charging Station,Delta Electronics,EVDE25E4DUM,RAIGAD,1
TPDC20211019026,Clarks Collection Epicure Charging Station,telluspower,DC30KW,DEHRADUN,0
23R2210E00C0850466,Ardee Mall (2Hrs Free Parking),Delta Electronics,EVDE25E4DUM,GURGAON,2
TPAC674,"Unity One, Shahdara Charging Station",TP,SingleSocketCharger,SHAHDARA,0
23R2240E00C0850809,"Vicinia, Chandivali (Private Charger-Green Energy Powered)",Delta Electronics,EVPE3225MUN,MUMBAI,0
TPDC20211260103,"IOCL - Sri Kanaka Mahalakshmi Agencies, Lakkavarapukota",telluspower,DC30KW,VIZIANAGARAM,1
TACW2244521G0690,ATS One Hamlet Tower 9 (Private Charger),ABB,CDT_TACW22::NET_4G,GAUTAM BUDDHA NAGAR,1
TPAC696,"Life Republic, Hingewadi",TP,SingleSocketCharger,PUNE,0
SI04202514,Electronic City Hub Charging Station,SIEMENS,SICHARGE RC 60,BANGALORE,4
TPAC1215NEW,Mapleton Apartments (Private Charger),TP,SingleSocketCharger,KANCHIPURAM,1
D92410527680005,Aditya Mall (Rajhans Cinema) Charging Station,EXICOM,HE518660,KACHCHH,0
23R2142E0000852158NEW,"Luxon Motors, Muvattupuzha",Delta Electronics,EVDE25D4DUM,ERNAKULAM,1
TPDC163893,"Chaashni Veg Restaurant

",telluspower,DC60KW,PALI,0
TPDC20211019015NEW1,Parth Resort and Restaurant Charging Station,telluspower,DC30KW,SAWAI MADHOPUR,1
00503NEW,Kendriya Vihar Co-operative Housing Society (Private charger),EnnarrSoft,ALBATROSS,PUNE,1
TPDC20220260566,Atithi Restaurant Charging Station,telluspower,DC30KW,DARJILING,1
23R2206E00C0850310,"Hotel Roshan Haveli, Delhi Road",Delta Electronics,EVDE25E4DUM,JAIPUR,1
TPAC051,Wintergreen CHSL CCI Rivali Park (Private Charger - Green Energy Powered),TP,SingleSocketCharger,Mumbai,0
TPAC546,Nyati Estate Mohammadwadi (Private Charger),TP,SingleSocketCharger,PUNE,1
TPDC20211260254,"Hotel Hills, Athanavur",telluspower,DC30KW,VELLORE,1
TPAC850,COFFEE HOUSE CLASSIC,TP,SingleSocketCharger,HOWRAH,0
TPAC1056,Kalpataru Pinnacle (Private Charger-Green Energy Powered),TP,SingleSocketCharger,MUMBAI,1
TPDC20220961519,R R Automobiles Waidhan Charging Station,telluspower,DC30KW,SINGRAULI,1
TPDC20211260095,"IOCL Pandudora Filling Station, Yanamadurru",telluspower,DC30KW,WEST GODAVARI,1
23R2233E03A0851038,"Mishra's Restaurant (Opposite Durgapur Airport Gate, Nh-2) ",Delta Electronics,EVPE3225MUN,BARDHAMAN,1
TPDC162633,Trident Chennai Charging Station,telluspower,DC60KW,CHENNAI,1
TPDC20220260706,Hotel Maruti Palace Panjipara,telluspower,DC30KW,NORTH DINAJPUR,4
TPAC544,State bank of India Poojapura (Private Charger),TP,SingleSocketCharger,THIRUVANANTHAPURAM,1
TPDC20211003063,IOCL Tyagi Brothers Filling Charging Station,telluspower,DC30KW,GAUTAM BUDDHA NAGAR,0
TPDC20211260253,Jaypee Greens Klassic Arcade ,telluspower,DC30KW,GAUTAM BUDDHA NAGAR,1
TPDC20211003049,Sree Gokulam Motors SC Ayanampakkam,telluspower,DC30KW,TIRUVALLUR,1
23R2221E03A5000004,Skyview by Empyrean (Sanget Valley),Delta Electronics,CCS,UDHAMPUR,0
TPAC821,"Celestia Spaces, Sewri West (Private Charger-Green Energy Powered)",TP,SingleSocketCharger,MUMBAI,3
TPAC364NEW,Seth And Sons Transport Nagar,TP,SingleSocketCharger,GUNA,2
BE092500103T04017,Rishita Mulberry heights (Private Charger),BelectriQ Mobility,AC01-10W3-3,LUCKNOW,6
23R2227E03A0850887,IOCL Sri Ravi Oil Trading Co,Delta Electronics,EVDE25E4DUM,KURNOOL,1
23R2206E00C0850325,"Trupti Automotives, NH 12 Charging Station",Delta Electronics,EVDE25E4DUM,JAGATSINGHAPUR,1
D42210418090004,AH Group Hinjewadi Phase I,EXICOM,HE518407,Pune,1
TPDC162620,The Heritage Restaurant Khamgaon Buldana,telluspower,DC60KW,BULDHANA,3
TPDC20220260451NEW,Prannam Veg Restaurant,telluspower,DC30KW,MADURAI,1
TPAC127,"Emerald Bay, Dwarka Express way (Private Charger)",TP,SingleSocketCharger,GURGAON,2
TPDC20220761256,"Classic Motors, Nagina Plaza",telluspower,DC30KW,ALWAR,1
TPDC20210903039,HPCL Batra Oil Singhu Border Charging Station,telluspower,DC30KW,NORTH DELHI,1
TPDC162646NEW,Tatva Infrastructure (Private Charger),telluspower,DC60KW,CENTRAL DELHI,1
ZJ3200900013WE,TML Shiv Shanker Kancharpalem Charging station,Delta Electronics,EVDE25D4DUM,VISAKHAPATNAM,1
23R2230E00C0850736,Shree Balaji Restaurant And BH Sasni,Delta Electronics,EVDE25E4DUM,ALIGARH,1
TPAC063,Wintergreen CHSL CCI Rivali Park (Private Charger - Green Energy Powered),TP,SingleSocketCharger,Mumbai,3
ZJ3201100037WE,Hotel Sai International Sangali Charging Station,Delta Electronics,EVDE25D4DUM,Sangli,3
TPDC20210725003,"Sowmya Fuel Station, Anekal",telluspower,DC30KW,BANGALORE,1
TPAC1118NEW,Lodha Palava Sec 4 MLCP (Private charger),TP,SingleSocketCharger,MUMBAI,11
23R2120E0000851685,IOCL Sardar Petrol Station,Delta Electronics,EVDE25D4DUM,AHMEDABAD,1
23R2202E00C0850109,TML Trupti Automotives NH 53 Duburi,Delta Electronics,EVDE25E4DUM,JAJAPUR,0
TPAC1008,Jaypee Associate Klassic A3 (Private Charger),TP,SingleSocketCharger,GAUTAM BUDDHA NAGAR,2
23R2228E03A0850889,"Vatika Towers, Sector 54",Delta Electronics,EVPE3225MUN,GURGAON,2
TPAC382,"Taj West end, Race course Rd (Private Charger)",WWWW,SingleSocketCharger,BANGALORE,2
TPAC357NEW,"Lodha Sterling, Kolshet Rd (Private Charger)",WWWW,SingleSocketCharger,MUMBAI,3
TPDC20211260283,TML Durga Motors Porvorim Charging station,telluspower,DC30KW,NORTH GOA,0
TPAC1013,Amaryllis Karol Bagh (Private Charger),TP,SingleSocketCharger,CENTRAL DELHI,1
TPDC20211160039,"IOCL GIDEON FARM SERVICE, Eluru Rural",telluspower,DC30KW,WEST GODAVARI,1
TPAC034,"Seven Hills Hospital, Andheri East (Private Charger - Green Energy Powered)",TP,SingleSocketCharger,Mumbai,0
TPDC20220961573,,telluspower,DC,,0
23R2233E03A0851042,Amritara Hunky Dory Resort Charging Station,Delta Electronics,EVPE3225MUN,PATHANKOT,1
TPDC20220260810,GSR Thali NH24 Charging Station,telluspower,DC60KW,KHERI,1
TPAC113NEW,Lodha Seamont Walkeshwar (Private - For residents only),TP,SingleSocketCharger,Mumbai,2
LB25072181,Hotel RG Orion Ahmedpur Charging Station,Lubi,CCS60kW,LATUR,1
TPDC20220761271,Hotel Chhattisgarh Palace NH53,telluspower,DC30KW,RAJNANDGAON,1
LB25072206,GEE KAY RESIDENCY Charging Station,Lubi,CCS60kW,VELLORE,6
23R2130E0000851792,"Panvel Industrial Fastners, Mum-Pune Expressway",Delta Electronics,EVDE25D4DUM,MUMBAI,1
TPDC20211260085,"IOCL - Siva Fs, PERECHERLA",telluspower,DC30KW,GUNTUR,2
TPDC20220260746,"Taj Resort & Convention Centre, Vainguinim Beach",telluspower,DC30KW,NORTH GOA,2
TPAC061,"Le ROI, Jammu",TP,SingleSocketCharger,JAMMU,1
TPDC20211003069,One Earth Motichur Haridwar Charging Station,telluspower,DC30KW,HARIDWAR,4
23R2206E00C0850345NEW,Aranya Resort Charging Station,Delta Electronics,EVDE25D4DUM,BIRBHUM,1
TPAC285,Taj Vivanta Coimbatore,TP,SingleSocketCharger,COIMBATORE,3
KZM0101016B,Casa Grand Aristo Charging Point,Kazam,LEVAC_3K3,KANCHIPURAM,1
TPAC540,Nyati Estate Mohammadwadi (Private Charger),TP,SingleSocketCharger,PUNE,0
23R2202E00C0850099NEW,Prayag Udyog NH 27 Charging Station,Delta Electronics,EVDE25E4DUM,FAIZABAD,1
TPAC257,"Taj Vivanta, Dwarka",TP,SingleSocketCharger,NORTH DELHI,7
TPDC20211260083,Ayana Resorts,telluspower,DC30KW,RANGAREDDY,4
23R2202E00C0850130,Dunac Automobiles Suratgarh,Delta Electronics,EVDE25E4DUM,SRI GANGANAGAR,1
TPAC053,Wintergreen CHSL CCI Rivali Park (Private Charger - Green Energy Powered),TP,SingleSocketCharger,Mumbai,20
TPDC20220661016,Magsons Supercentre Zuarinagar,telluspower,DC30KW,SOUTH GOA,0
ZJ3201200072WE,Tata Motors (True Sai Motors),Delta Electronics,EVDE25D4DUM,ERODE,0
TPDC20211019011,"TML Sree Venkateswara Motors, Hyderabad Road",telluspower,DC30KW,KAMAREDDY,1
23R2240E00C0850782,Skyview by Empyrean (Sanget Valley),Delta Electronics,EVPE3225MUN,UDHAMPUR,2
TPDC20211003098,Hotel Bikano Restaurant NH-58,telluspower,DC30KW,MUZAFFARNAGAR,2
TPAC166,"Windsor Condominium, Santacruz East (Private Charger)",TP,SingleSocketCharger,MUMBAI,2
TPDC20210903046NEW,IOCL VIGNESWARA FILLING STATION  Vedayapalem Charging Station,telluspower,DC30KW,NELLORE,1
23R2110E0000851481,TML Satish Motors Wanjarwadi Aurangabad Charging Station,Delta Electronics,EVDE25D4DUM,AURANGABAD,0
TPDC20220260688,IOCL POKAR PETROLEUM,telluspower,DC30KW,PANCH MAHALS,1
MINE250700375,Savoy Green karnal Charging Station,mindra,240kw DISPENSER,JIND,1
ACHBDCC03250317,Casa Grand Aristo Charging Point,Neo Urja,7.4KW Single gun ,KANCHIPURAM,1
TPAC219,"Hotel Golden Park, Narayanpur",TP,SingleSocketCharger,MALDA,12
TPAC1052,Sind Work CHSL (Private Charger),TP,SingleSocketCharger,MUMBAI,1
TPAC1047,Jaypee Associate Kalypso Court Tower 11 (Private Charger),TP,SingleSocketCharger,GAUTAM BUDDHA NAGAR,2
TPDC20211160038,"IOCL GVR FILLING STATION, Eluru",telluspower,DC30KW,WEST GODAVARI,3
TPDC20211003048NEW,IOCL Sri Ram parameswaraiah and company Charging Station,telluspower,DC30KW,ANANTHAPUR,1
23R2120E0000851671,TML RKL TML Showroom Sec 9 GIDA Gorakhpur Charging Station,Delta Electronics,EVDE25D4DUM,GORAKHPUR,3
TPDC20220661106,"TSS Super Market, Mundgod",telluspower,DC30KW,UTTARA KANNADA,2
TPAC819,Vyankatesh Executive Ratnagiri Charging Station,TP,SingleSocketCharger,RATNAGIRI,0
TPAC138NEW,Omaxe Residency 1 RWA (Private Charger),TP,SingleSocketCharger,LUCKNOW,1
TPAC106NEW,"Seawoods Estate CHS, Nerul Gate 2 phase 2 (Private Charger)",TP,SingleSocketCharger,MUMBAI,0
23R2145E0000852260,Gokulam Park Munnar Charging Station,Delta Electronics,EVPE3225MUN,IDUKKI,7
TPDC20220260754,"Life Republic, Hingewadi",telluspower,DC60KW,PUNE,0
TPAC040,The Leprosy Mission India,TP,SingleSocketCharger,GAUTAM BUDDHA NAGAR,2
23R2230E00C0850743NEW1,Tata Power Ghatkopar Charging Station,Delta Electronics,EVDE25E4DUM,MUMBAI,0
TPDC20211003007,Nestle Patti Kalyana Factory (Private charger),telluspower,DC30KW,PANIPAT,1
23R2146E0000852298,TML Dion Automotives CDA Sec 11 Charging Station,Delta Electronics,EVDE25E4DUM,CUTTACK,0
TPAC1361,Sky Mansion (Private Charger),TP,SingleSocketCharger,NORTH WEST DELHI,1
23R2238E03A0851124,"Dhoot Time Residency, Sec-63 (Private charger)",Delta Electronics,EVPE3225MUN,GURGAON,1
23R2229E03A0850943NEW,Emerald Garden (Private Charger),Delta Electronics,EVPE3225MUN,KANPUR NAGAR,0
TPAC1231,"Central Tower A to G CHSL, Chembur East (Private Charger-Green Energy Powered)",TP,SingleSocketCharger,MUMBAI,1
23R2116E0003801611,Chowk Highway Service Centre,Delta Electronics,EVPE3225MUN,Mumbai,1
TPDC20220260701,Royal Mansion Lawns Sarsaul Charging Station,telluspower,DC30KW,KANPUR NAGAR,3
TPAC1141,Taj Falaknuma Palace (Private Charger),TP,SingleSocketCharger,HYDERABAD,5
TPAC715,"Indian Navy, Head Office Building (Private Charger)",TP,SingleSocketCharger,NORTH DELHI,3
TPDC20220260832NEW1,Habitat Highway Restaurant Charging Station,telluspower,DC60KW,EAST GODAVARI,0
TPDC20211003095NEW,IOCL Vibhor Charging Station,telluspower,DC30KW,HAPUR,1
TPAC339,Tata Communication BKC (Private Charger),WWWW,SingleSocketCharger,MUMBAI,1
TPDC163926,Southern Star Mysore Charging Station,telluspower,DC60KW,MYSURU,2
TPAC1026NEW,"Lodha The Park, Lower Parel (Private Charger - Green Energy Powered)",TP,SingleSocketCharger,Mumbai,1
TPDC20220260626,"Hotel Xandari Pearl beach, Mararikulam",telluspower,DC30KW,ALAPPUZHA,1
TPAC689NEW,"Pagoda Misty hill resort, Panchalimedu",TP,SingleSocketCharger,IDUKKI,7
TPAC060,Wintergreen CHSL CCI Rivali Park (Private Charger - Green Energy Powered),TP,SingleSocketCharger,Mumbai,1
TPAC479NEW,Amrapali Silicon City (Private Charger),WWWW,SingleSocketCharger,GAUTAM BUDDHA NAGAR,1
TPAC247,Taj Tirupati,TP,SingleSocketCharger,CHITTOOR,0
TPDC20211260250,"Fortune Park Hotel, Gautam Nagar",telluspower,DC30KW,KHORDA,1
BE092500103T04016,Rishita MANHATTAN Charging Station,BelectriQ Mobility,AC01-10W3-3,LUCKNOW,5
TPDC20211003072NEW,IOCL Madari Hat Auto Service Jalpaiguri,telluspower,DC30KW,KOLKATA,2
TPAC1076NEW,Lodha Panacea (Private Charger),TP,SingleSocketCharger,MUMBAI,1
TPAC530,Air Force Station Basantnagar Delhi Cantt (Private Charger),TP,SingleSocketCharger,SOUTH WEST DELHI,47
TPDC20220961541,Kamal Passenger Vehicles Jhalawar Road,telluspower,DC30KW,KOTA,1
TPDC20220260658,"Taj Rishikesh Resort & Spa, Singthali",telluspower,DC30KW,TEHRI GARHWAL,1
TPDC20220961592,"Hyphen Business Hotel, Sec 62",telluspower,DC30KW,GAUTAM BUDDHA NAGAR,1
TPAC1214,Taj Falaknuma Palace (Private Charger),TP,SingleSocketCharger,HYDERABAD,0
00301,"Life Republic, Hingewadi",EnnarrSoft,BHARAT AC 001,PUNE,0
TPAC1420NEW,Chimes Private Limited Sec 44 (Private Charger),TP,SingleSocketCharger,GURGAON,1
23R2227E03A0850837,The Ark Voyage Mohammadwadi B wing (Private Charger),Delta Electronics,EVPE3225MUN,PUNE,1
TPDC20211019021NEW,Motel NH56 Charging Station,telluspower,DC30KW,SULTANPUR,5
23R2146E0000852305,HPCL Trimurti Petroleum Panvel Charging Station,Delta Electronics,EVDE25E4DUM,RAIGAD,2
23R2137E0000852005,Ama Stays Villa No 1 Saipam (Private Charger),Delta Electronics,EVPE3225MUN,NORTH GOA,2
23R2233E03A0851114,Ankita's Green Park Agrewadi Charging Station,Delta Electronics,EVDE25E4DUM,RATNAGIRI,1
TPAC1272,Spectra Palmwoods (Private Charger),TP,SingleSocketCharger,BANGALORE,3
TPDC20220761203,Mirage Hotels Marol,telluspower,DC30KW,MUMBAI,0
TPDC20220260469,Hotel Anant Bhog Ajgain,telluspower,DC30KW,UNNAO,1
23R2003E0000850022,Tata Motors SAB - Patel Nagar Charging Station,Delta Electronics,EVDE25D4DUM,GHAZIABAD,1
